Cruise_ID,CTD_station_no,Depth,Mean_DPM_live_samples,Standard_dev_live_samples,DPM_of_killed_control,Incu_duration,Mean_trit_leu_uptake_live_samples_dpm_L_hr,Std_dev_trit_leu_uptake_live_samples_dpm_l_hr,Trit_leu_uptake_killed_control_dpm_L_hr,Trit_leu_uptake_dpm_L_hr,Std_dev_trit_leu_uptake_dpm_l_hr,Mean_trit_leu_uptake_live_samples_pmol_L_hr,Std_dev_trit_leu_uptake_live_samples_pmol_L_hr,Trit_leu_uptake_killed_control_pmol_L_hr,Trit_leu_uptake_pmol_L_hr,Std_dev_trit_leu_uptake_pmol_L_hr,Signal_to_noise_ratio,CTD_sample_incutemp,CTD_station_time,CTD_station_lat,CTD_station_long,,,,,,,,,,,,,,,,,,,,,
2071,4,2,39977.73128,969.0694748,6690.988962,255,9406525.006,228016.347,1574350.344,7832174.663,228016.347,28.9226855,0.7010926022,4.840729158,24.08195635,0.7010926022,5.974861341,NaN,39558.85625,41.4503,-70.7507
2071,4,5,44737.15314,2227.626065,5740.720365,255,10526388.97,524147.3094,1350757.733,9175631.242,524147.3094,32.36598399,1.611620421,4.153238425,28.21274557,1.611620421,7.792951111,NaN,39558.85625,41.4503,-70.7507
2071,4,7,42431.44513,3819.076035,4042.531381,255,9983869.441,898606.126,951183.8543,9032685.587,898606.126,30.69787363,2.762986582,2.924649799,27.77322383,2.762986582,10.49625621,NaN,39558.85625,41.4503,-70.7507
2071,4,10,41723.16841,2374.997791,6070.567185,255,9817216.096,558823.0096,1428368.749,8388847.346,558823.0096,30.18545674,1.718239429,4.391872673,25.79358407,1.718239429,6.87302638,NaN,39558.85625,41.4503,-70.7507
2071,4,15,39168.74255,3326.551016,6174.41773,255,9216174.717,782717.886,1452804.172,7763370.545,782717.886,28.3374065,2.406659552,4.467005417,23.87040108,2.406659552,6.34371438,NaN,39558.85625,41.4503,-70.7507
2071,4,20,44318.32808,1028.533802,7891.883335,255,10427841.9,242007.9534,1856913.726,8570928.176,242007.9534,32.06297667,0.7441132535,5.709540097,26.35343657,0.7441132535,5.615684647,NaN,39558.85625,41.4503,-70.7507
2071,6,5,74533.5259,720.2753336,8544.794804,395,11321548.24,109408.9114,1297943.515,10023604.72,109408.9114,34.81089764,0.3364047334,3.99084806,30.82004958,0.3364047334,8.722681774,NaN,39559.22917,40.6137,-70.4408
2071,6,10,69543.28433,3326.1491,5848.224291,395,10563536.86,505237.838,888337.867,9675198.993,505237.838,32.48020435,1.553478578,2.731414282,29.74879007,1.553478578,11.89135041,NaN,39559.22917,40.6137,-70.4408
2071,6,23,56067.64517,1163.387623,7725.33957,395,8516604.33,176717.1073,1173469.302,7343135.028,176717.1073,26.18640448,0.5433604135,3.608121335,22.57828315,0.5433604135,7.257628569,NaN,39559.22917,40.6137,-70.4408
2071,6,30,31521.55867,3724.67465,7495.89869,395,4788084.861,565773.3646,1138617.523,3649467.339,565773.3646,14.72215005,1.739610013,3.500960928,11.22118912,1.739610013,4.205174052,NaN,39559.22917,40.6137,-70.4408
2071,6,40,40127.16758,745.4169481,7626.432903,395,6095265.962,113227.8909,1158445.504,4936820.458,113227.8909,18.74140135,0.3481471293,3.561926957,15.1794744,0.3481471293,5.261590588,NaN,39559.22917,40.6137,-70.4408
2071,6,55,34348.92167,4775.257962,7562.648805,395,5217557.722,725355.6398,1148756.781,4068800.941,725355.6398,16.04267048,2.230285151,3.532136582,12.5105339,2.230285151,4.541916801,NaN,39559.22917,40.6137,-70.4408
2071,7,6,79939.27181,4877.804715,4636.246713,425,11285544.26,688631.2538,654528.9477,10631015.31,688631.2538,34.7001945,2.117366952,2.012510985,32.68768351,2.117366952,17.24223855,NaN,39559.48542,39.799,-69.7105
2071,7,11,66936.75951,2523.000351,8313.025257,425,9449895.461,356188.2849,1173603.566,8276291.895,356188.2849,29.05603868,1.095188897,3.608534163,25.44750452,1.095188897,8.052033699,NaN,39559.48542,39.799,-69.7105
2071,7,21,78963.44819,4668.101353,6954.345568,425,11147780.92,659026.0734,981789.9626,10165990.96,659026.0734,34.27660708,2.026338509,3.018755842,31.25785124,2.026338509,11.35454766,NaN,39559.48542,39.799,-69.7105
2071,7,29,59077.42406,1928.698548,7593.801236,425,8340342.22,272286.8538,1072066.057,7268276.163,272286.8538,25.64444307,0.8372132148,3.296332001,22.34811107,0.8372132148,7.779690595,NaN,39559.48542,39.799,-69.7105
2071,7,62,9506.589718,309.1356891,6061.53886,425,1342106.784,43642.68552,855746.6627,486360.1211,43642.68552,4.126638944,0.1341902208,2.631204571,1.495434373,0.1341902208,1.568345916,NaN,39559.48542,39.799,-69.7105
2071,7,200,5689.351095,1602.446391,6966.165711,425,803202.5076,226227.7258,983458.6886,-180256.181,226227.7258,2.469644582,0.6955930444,3.023886753,-0.5542421703,0.6955930444,0.816711995,NaN,39559.48542,39.799,-69.7105
2071,9,7,109546.2955,2519.22816,7822.26865,960,6846643.471,157451.76,488891.7906,6357751.681,157451.76,21.05169717,0.4841243427,1.503218616,19.54847856,0.4841243427,14.00441489,NaN,39559.81736,39.001,-68.9977
2071,9,12,49549.9908,3916.226932,8122.380363,960,3096874.425,244764.1832,507648.7727,2589225.653,244764.1832,9.522105665,0.7525879631,1.560891593,7.961214072,0.7525879631,6.100427287,NaN,39559.81736,39.001,-68.9977
2071,9,20,100381.2848,5528.309968,7269.887328,960,6273830.302,345519.373,454367.958,5819462.344,345519.373,19.29044154,1.062384691,1.397066562,17.89337498,1.062384691,13.80781851,NaN,39559.81736,39.001,-68.9977
2071,9,25,39315.64071,2089.328987,7678.81622,960,2457227.544,130583.0617,479926.0137,1977301.53,130583.0617,7.55535327,0.4015098905,1.47565112,6.07970215,0.4015098905,5.120013239,NaN,39559.81736,39.001,-68.9977
2071,9,40,12456.05006,601.8594282,7994.909084,960,778503.1286,37616.21427,499681.8178,278821.3109,37616.21427,2.393700239,0.1156603458,1.536395221,0.8573050176,0.1156603458,1.557997712,NaN,39559.81736,39.001,-68.9977
2071,9,150,8212.790534,595.8876263,7354.892556,960,513299.4084,37242.97664,459680.7847,53618.62362,37242.97664,1.578265868,0.1145127345,1.413402161,0.1648637076,0.1145127345,1.116643169,NaN,39559.81736,39.001,-68.9977
2071,12,7,154.357133,3.34152742,7248.463608,590,15697.33556,339.8163478,737131.8923,-721434.5568,339.8163478,0.04826533703,0.00104484933,2.26649415,-2.218228813,0.00104484933,0.02129515182,NaN,39560.42361,38.9968,-68.9915
2071,12,12,152.8400397,8.06839551,6217.067275,590,15543.05488,820.5147977,632244.1296,-616701.0747,820.5147977,0.04779096296,0.002522875496,1.943990805,-1.896199842,0.002522875496,0.02458394496,NaN,39560.42361,38.9968,-68.9915
2071,12,20,157.3687251,19.69493019,6470.888486,590,16003.59916,2002.874257,658056.4562,-642052.857,2002.874257,0.04920702015,0.006158331816,2.023357182,-1.974150161,0.006158331816,0.02431949267,NaN,39560.42361,38.9968,-68.9915
2071,12,29,40987.20788,35379.21402,8515.889976,590,4168190.632,3597886.172,866022.7094,3302167.923,3597886.172,12.81613207,11.06259008,2.662800816,10.15333125,11.06259008,4.813026942,NaN,39560.42361,38.9968,-68.9915
2071,12,40,24872.31706,101.6149429,6148.306136,590,2529388.176,10333.723,625251.4715,1904136.704,10333.723,7.777228963,0.03177358486,1.92249015,5.854738813,0.03177358486,4.045393399,NaN,39560.42361,38.9968,-68.9915
2071,12,150,7465.060254,677.7031866,7271.633923,590,759158.6699,68918.96813,739488.1956,19670.47432,68918.96813,2.33422092,0.2119083975,2.273739186,0.06048173391,0.2119083975,1.026600119,NaN,39560.42361,38.9968,-68.9915
2071,17,7,68441.59626,7454.032615,6986.561158,705,5824816.703,634385.7544,594600.9496,5230215.754,634385.7544,17.90983828,1.95057576,1.828247547,16.08159073,1.95057576,9.796177936,NaN,39560.92292,38.9795,-68.991
2071,17,12,63403.01206,3847.899225,5899.570491,705,5396001.026,327480.7851,502091.1056,4893909.92,327480.7851,16.59133852,1.006920595,1.543803172,15.04753535,1.006920595,10.74705559,NaN,39560.92292,38.9795,-68.991
2071,17,20,52834.93526,7543.098922,6908.501157,705,4496590.235,641965.8657,587957.5453,3908632.69,641965.8657,13.82587779,1.973882685,1.807820758,12.01805704,1.973882685,7.647814491,NaN,39560.92292,38.9795,-68.991
2071,17,38,65742.83171,7033.115705,6027.568678,705,5595134.613,598563.0387,512984.5683,5082150.045,598563.0387,17.20362394,1.840429969,1.577297815,15.62632612,1.840429969,10.90702325,NaN,39560.92292,38.9795,-68.991
2071,17,60,13619.41862,3682.054987,8397.704425,705,1159099.457,313366.3818,714698.2489,444401.2083,313366.3818,3.563937697,0.9635223745,2.19751637,1.366421327,0.9635223745,1.621802571,NaN,39560.92292,38.9795,-68.991
2071,17,150,6358.600579,169.6198624,5518.749114,705,541157.4961,14435.73297,469680.7757,71476.72039,14435.73297,1.663922443,0.04438622812,1.444149604,0.2197728389,0.04438622812,1.15218149,NaN,39560.92292,38.9795,-68.991
2071,19,5,84396.25708,5514.119616,5868.48551,690,7338804.963,479488.6623,510303.0878,6828501.875,479488.6623,22.56496929,1.474306375,1.56905294,20.99591635,1.474306375,14.38126701,NaN,39561.42778,38.9777,-68.9982
2071,19,10,75070.84943,3411.785074,6792.568187,690,6527899.95,296676.963,590658.1032,5937241.847,296676.963,20.07164146,0.9122066322,1.816124291,18.25551716,0.9122066322,11.05190958,NaN,39561.42778,38.9777,-68.9982
2071,19,20,86641.61613,5610.096845,5433.646242,690,7534053.577,487834.5083,472490.9776,7061562.599,487834.5083,23.1653094,1.499967741,1.452790264,21.71251914,1.499967741,15.94539141,NaN,39561.42778,38.9777,-68.9982
2071,19,30,62044.42953,2956.556563,7096.126672,690,5395167.785,257091.8751,617054.4932,4778113.292,257091.8751,16.58877651,0.7904924978,1.897286515,14.69149,0.7904924978,8.743421925,NaN,39561.42778,38.9777,-68.9982
2071,19,47,36369.86995,7442.775098,5724.702968,690,3162597.387,647197.8346,497800.2581,2664797.129,647197.8346,9.72418715,1.989969666,1.530609901,8.193577249,1.989969666,6.353145334,NaN,39561.42778,38.9777,-68.9982
2071,19,150,7610.715192,1466.300892,4346.911725,690,661801.321,127504.4254,377992.324,283808.9971,127504.4254,2.034871694,0.3920438623,1.162230803,0.8726408913,0.3920438623,1.7508327,NaN,39561.42778,38.9777,-68.9982
2071,26,5,67980.22279,2815.400075,6664.280889,725,5625949.472,232998.6269,551526.6942,5074422.778,232998.6269,17.29837184,0.7164118528,1.695805105,15.60256673,0.7164118528,10.2006839,NaN,39561.91944,38.9155,-68.9888
2071,26,10,41796.76056,508.314171,5915.517681,725,3459042.253,42067.37967,489560.0839,2969482.169,42067.37967,10.63568014,0.1293465537,1.505273449,9.130406695,0.1293465537,7.065613327,NaN,39561.91944,38.9155,-68.9888
2071,26,18,53280.04893,6247.028809,6447.354102,725,4409383.359,516995.4877,533574.1326,3875809.227,516995.4877,13.55773871,1.589630377,1.640605518,11.91713319,1.589630377,8.263862676,NaN,39561.91944,38.9155,-68.9888
2071,26,27,55835.29251,5791.712908,6210.876561,725,4620851.794,479314.1717,514003.5774,4106848.217,479314.1717,14.20795066,1.47376986,1.58043101,12.62751965,1.47376986,8.989921465,NaN,39561.91944,38.9155,-68.9888
2071,26,30,28302.95468,7340.498152,6416.674209,725,2342313.49,607489.5023,531035.107,1811278.383,607489.5023,7.202021617,1.867876587,1.632798656,5.56922296,1.867876587,4.410844895,NaN,39561.91944,38.9155,-68.9888
2071,26,150,7124.39566,399.2073688,5716.718488,725,589605.1581,33037.85121,473107.7369,116497.4212,33037.85121,1.812886751,0.1015830373,1.454686643,0.3582001081,0.1015830373,1.246238673,NaN,39561.91944,38.9155,-68.9888
2071,28,5,72512.71815,2658.025573,4558.208506,670,6493676.252,238032.1409,408197.7767,6085478.476,238032.1409,19.96641224,0.7318886354,1.255104931,18.71130731,0.7318886354,15.90816174,NaN,39562.42014,38.8952,-69.0247
2071,28,12,49275.56459,495.1080905,7716.09704,670,4412737.128,44338.03795,690993.7648,3721743.363,44338.03795,13.5680507,0.1363282537,2.124631076,11.44341962,0.1363282537,6.386073728,NaN,39562.42014,38.8952,-69.0247
2071,28,20,71628.56225,1479.301206,9045.618433,670,6414498.112,132474.7348,810055.382,5604442.73,132474.7348,19.72295948,0.407326307,2.490715438,17.23224404,0.407326307,7.918592055,NaN,39562.42014,38.8952,-69.0247
2071,28,27,68638.98657,6853.971891,9226.188334,670,6146774.917,613788.5275,826225.821,5320549.096,613788.5275,18.89977836,1.887244496,2.540435449,16.35934291,1.887244496,7.439582207,NaN,39562.42014,38.8952,-69.0247
2071,28,40,35393.3392,1613.978244,7453.062258,670,3169552.764,144535.3651,667438.4111,2502114.353,144535.3651,9.745573177,0.444409695,2.05220432,7.693368857,0.444409695,4.74883182,NaN,39562.42014,38.8952,-69.0247
2071,28,150,8915.744766,302.7861154,6405.344865,670,798424.9044,27115.17451,573612.973,224811.9315,27115.17451,2.454954661,0.08337230425,1.763714826,0.6912398348,0.08337230425,1.391922676,NaN,39562.42014,38.8952,-69.0247
2071,34,5,58404.41017,4448.220017,8223.310631,735,4767706.952,363120.0014,671290.6638,4096416.288,363120.0014,14.65949313,1.116502172,2.064049023,12.59544411,1.116502172,7.102298914,NaN,39562.91806,38.8755,-69.1088
2071,34,12,81218.21281,229.2677239,6881.353524,735,6630058.189,18715.73257,561743.1448,6068315.044,18715.73257,20.3857522,0.05754614447,1.727218107,18.6585341,0.05754614447,11.80265082,NaN,39562.91806,38.8755,-69.1088
2071,34,20,84201.14259,1447.06563,4310.044691,735,6873562.661,118127.8065,351840.3829,6521722.278,118127.8065,21.13446687,0.3632131308,1.081820198,20.05264667,0.3632131308,19.53602541,NaN,39562.91806,38.8755,-69.1088
2071,34,29,39951.37422,2252.760647,6386.605752,735,3261336.671,183898.8284,521355.5716,2739981.1,183898.8284,10.02778548,0.5654423896,1.603036533,8.424748946,0.5654423896,6.255494041,NaN,39562.91806,38.8755,-69.1088
2071,34,40,14988.5217,1545.99503,5628.83535,735,1223552.792,126203.6759,459496.7633,764056.0287,126203.6759,3.762115401,0.3880443867,1.412836341,2.34927906,0.3880443867,2.66281047,NaN,39562.91806,38.8755,-69.1088
2071,34,150,8966.803177,783.2103548,7025.965294,735,731983.9328,63935.53916,573548.1873,158435.7455,63935.53916,2.250665476,0.1965856138,1.763515627,0.4871498494,0.1965856138,1.276237898,NaN,39562.91806,38.8755,-69.1088
2071,36,5,150956.8451,3425.118809,7063.609767,NaN,NaN,NaN,NaN,NaN,NaN,NaN,NaN,NaN,NaN,NaN,NaN,NaN,39563.41806,38.824,-69.12
2071,36,12,125540.759,1866.9948,7421.725319,NaN,NaN,NaN,NaN,NaN,NaN,NaN,NaN,NaN,NaN,NaN,NaN,NaN,39563.41806,38.824,-69.12
2071,36,22,105703.1571,3717.4929,5044.985904,NaN,NaN,NaN,NaN,NaN,NaN,NaN,NaN,NaN,NaN,NaN,NaN,NaN,39563.41806,38.824,-69.12
2071,36,29,73543.12797,5233.657375,6412.219183,NaN,NaN,NaN,NaN,NaN,NaN,NaN,NaN,NaN,NaN,NaN,NaN,NaN,39563.41806,38.824,-69.12
2071,36,50,19263.08879,808.5920673,7259.584047,NaN,NaN,NaN,NaN,NaN,NaN,NaN,NaN,NaN,NaN,NaN,NaN,NaN,39563.41806,38.824,-69.12
2071,36,150,8357.491633,415.576437,6834.440776,NaN,NaN,NaN,NaN,NaN,NaN,NaN,NaN,NaN,NaN,NaN,NaN,NaN,39563.41806,38.824,-69.12
2071,46,5,42714.00912,1650.069616,7123.956156,325,7885663.222,304628.2369,1315191.906,6570471.316,304628.2369,24.24642014,0.9366547885,4.043882501,20.20253764,0.9366547885,5.995827063,NaN,39565.11181,38.0653,-68.3932
2071,46,12,46421.68768,837.9515193,6742.991746,325,8570157.726,154698.742,1244860.015,7325297.711,154698.742,26.35106763,0.4756595087,3.827629722,22.52343791,0.4756595087,6.884434897,NaN,39565.11181,38.0653,-68.3932
2071,46,18,44483.27379,3184.111633,4571.135633,325,8212296.699,587835.9938,843901.9631,7368394.736,587835.9938,25.25073548,1.807447018,2.594785115,22.65595036,1.807447018,9.731339727,NaN,39565.11181,38.0653,-68.3932
2071,46,25,47683.51486,2767.848774,7059.128759,325,8803110.435,510987.466,1303223.771,7499886.664,510987.466,27.0673383,1.57115723,4.007083513,23.06025479,1.57115723,6.754872518,NaN,39565.11181,38.0653,-68.3932
2071,46,55,12331.26431,1222.970212,7063.95659,325,2276541.103,225779.116,1304115.063,972426.0402,225779.116,6.999788159,0.6942136827,4.00982401,2.989964149,0.6942136827,1.745659695,NaN,39565.11181,38.0653,-68.3932
2071,46,150,7972.646933,503.5085055,7271.178554,325,1471873.28,92955.41639,1342371.425,129501.8546,92955.41639,4.525638102,0.2858143972,4.12745265,0.3981854522,0.2858143972,1.096472446,NaN,39565.11181,38.0653,-68.3932
2071,47,13,21211.4304,3381.590415,6563.365979,270,4713651.201,751464.5367,1458525.773,3255125.428,751464.5367,14.49328537,2.310563407,4.484597894,10.00868748,2.310563407,3.231791503,NaN,39565.34861,37.3755,-67.5842
2071,47,25,25398.85481,1351.655058,6500.587557,270,5644189.957,300367.7906,1444575.013,4199614.944,300367.7906,17.35445671,0.9235549938,4.441702834,12.91275388,0.9235549938,3.907162942,NaN,39565.34861,37.3755,-67.5842
2071,47,55,25959.95193,2608.883629,8259.014484,270,5768878.207,579751.9176,1835336.552,3933541.655,579751.9176,17.73784155,1.782590529,5.643195745,12.09464581,1.782590529,3.143226348,NaN,39565.34861,37.3755,-67.5842
2071,47,67,22159.33404,3916.614968,6769.617272,270,4924296.453,870358.8819,1504359.394,3419937.06,870358.8819,15.14096625,2.67613345,4.625524686,10.51544156,2.67613345,3.273351085,NaN,39565.34861,37.3755,-67.5842
2071,47,92,14876.64365,1308.155488,8350.200716,270,3305920.811,290701.2195,1855600.159,1450320.652,290701.2195,10.16487043,0.8938327323,5.705501212,4.459369222,0.8938327323,1.781591144,NaN,39565.34861,37.3755,-67.5842
2071,47,150,14073.70923,613.6993202,6698.582737,270,3127490.94,136377.6267,1488573.941,1638916.998,136377.6267,9.616243703,0.4193267125,4.576988413,5.03925529,0.4193267125,2.100998044,NaN,39565.34861,37.3755,-67.5842
2071,48,5,26250.35518,492.8421716,6155.56221,405,3888941.509,73013.65505,911935.1422,2977006.366,73013.65505,11.95751163,0.2244985243,2.803969936,9.153541698,0.2244985243,4.264493525,NaN,39565.59583,36.6818,-66.7845
2071,48,12,13003.25681,1012.61164,6567.094982,405,1926408.416,150016.5392,972902.9603,953505.4557,150016.5392,5.923218695,0.4612629193,2.991430558,2.931788137,0.4612629193,1.980062241,NaN,39565.59583,36.6818,-66.7845
2071,48,22,25993.62357,1359.157972,7051.731881,405,3850907.196,201356.7366,1044701.019,2806206.177,201356.7366,11.84056574,0.6191210422,3.212191432,8.62837431,0.6191210422,3.686133281,NaN,39565.59583,36.6818,-66.7845
2071,48,40,27530.09826,870.5371904,7262.943089,405,4078533.075,128968.4726,1075991.569,3002541.507,128968.4726,12.54045775,0.3965454375,3.308401958,9.232055796,0.3965454375,3.79048795,NaN,39565.59583,36.6818,-66.7845
2071,48,70,8093.181824,205.1521258,6660.854833,405,1198989.9,30392.90753,986793.3086,212196.5913,30392.90753,3.68659072,0.09345050436,3.034139866,0.6524508542,0.09345050436,1.215036512,NaN,39565.59583,36.6818,-66.7845
2071,48,150,8890.694624,486.5259959,7616.925683,405,1317139.944,72077.92532,1128433.434,188706.5099,72077.92532,4.049872227,0.221621392,3.469647433,0.5802247943,0.221621392,1.167228747,NaN,39565.59583,36.6818,-66.7845
2071,49,5,24996.58489,2960.084418,6894.870885,255,5881549.386,696490.4513,1622322.561,4259226.824,696490.4513,18.08427693,2.141531997,4.988231593,13.09604534,2.141531997,3.625388395,NaN,39565.83542,36.0007,-65.9975
2071,49,12,26429.36756,3965.096446,6139.459943,255,6218674.721,932963.8697,1444578.81,4774095.91,932963.8697,19.12085208,2.868627955,4.44171451,14.67913757,2.868627955,4.304835899,NaN,39565.83542,36.0007,-65.9975
2071,49,30,29986.75984,1139.041065,6740.097293,255,7055708.198,268009.6623,1585905.246,5469802.952,268009.6623,21.69451833,0.8240619325,4.876257558,16.81826078,0.8240619325,4.449009938,NaN,39565.83542,36.0007,-65.9975
2071,49,60,24871.06732,6598.56988,6976.849538,255,5852015.84,1552604.678,1641611.656,4210404.184,1552604.678,17.99346875,4.773866733,5.047540682,12.94592806,4.773866733,3.564799152,NaN,39565.83542,36.0007,-65.9975
2071,49,80,14542.33217,2405.322874,5770.746013,255,3421725.216,565958.3233,1357822.591,2063902.624,565958.3233,10.52093969,1.740178714,4.174961078,6.345978613,1.740178714,2.520009048,NaN,39565.83542,36.0007,-65.9975
2071,49,150,8509.845726,1228.882308,6075.158225,255,2002316.642,289148.7782,1429448.994,572867.6474,289148.7782,6.156617291,0.889059368,4.395194152,1.761423139,0.889059368,1.400761167,NaN,39565.83542,36.0007,-65.9975
2071,50,5,31092.13765,1280.99095,5044.223195,700,2665040.37,109799.2243,432361.9881,2232678.382,109799.2243,8.194325154,0.3376048468,1.32940377,6.864921384,0.3376048468,6.163909972,NaN,39566.11042,34.999,-66.0003
2071,50,30,31984.13927,2195.251991,4944.268929,700,2741497.652,188164.4564,423794.4796,2317703.172,188164.4564,8.429411961,0.5785581169,1.303060848,7.126351113,0.5785581169,6.468931956,NaN,39566.11042,34.999,-66.0003
2071,50,60,10719.54297,1532.947856,6264.35892,700,918817.9692,131395.5305,536945.0503,381872.9189,131395.5305,2.825132888,0.4040080267,1.650970237,1.174162651,0.4040080267,1.711195529,NaN,39566.11042,34.999,-66.0003
2071,50,70,12142.99435,264.4638571,5894.237044,700,1040828.087,22668.33061,505220.318,535607.7694,22668.33061,3.200283146,0.06969938385,1.553424709,1.646858437,0.06969938385,2.060146931,NaN,39566.11042,34.999,-66.0003
2071,50,80,10574.52198,1218.229328,6958.227728,700,906387.5982,104419.6567,596419.5196,309968.0786,104419.6567,2.786912641,0.3210640368,1.833839189,0.9530734515,0.3210640368,1.519714846,NaN,39566.11042,34.999,-66.0003
2071,50,150,8369.151111,195.2892193,5440.365194,700,717355.8095,16739.07594,466317.0167,251038.7928,16739.07594,2.205687696,0.05146842525,1.433806896,0.7718808007,0.05146842525,1.538343624,NaN,39566.11042,34.999,-66.0003
2071,51,5,21985.88899,547.7496189,7031.902151,510,2586575.175,64441.13163,827282.606,1759292.569,64441.13163,7.953064524,0.1981401827,2.543684795,5.409379728,0.1981401827,3.126591997,NaN,39566.41806,33.9995,-65.9987
2071,51,30,20782.83035,3555.519871,5538.158473,510,2445038.865,418296.4554,651548.0556,1793490.809,418296.4554,7.517876165,1.286155814,2.003345496,5.514530669,1.286155814,3.752660827,NaN,39566.41806,33.9995,-65.9987
2071,51,70,23688.37213,1869.2374,3631.720899,510,2786867.31,219910.2824,427261.2822,2359606.027,219910.2824,8.568912184,0.6761685035,1.313720389,7.255191795,0.6761685035,6.522630123,NaN,39566.41806,33.9995,-65.9987
2071,51,80,15827.99486,2039.025353,6688.342797,510,1862117.043,239885.3356,786863.8585,1075253.184,239885.3356,5.72553898,0.7375867404,2.419407369,3.306131612,0.7375867404,2.366504729,NaN,39566.41806,33.9995,-65.9987
2071,51,100,8940.004652,812.7973262,4757.777233,510,1051765.253,95623.21485,559738.498,492026.7551,95623.21485,3.233912164,0.2940172027,1.721054325,1.512857839,0.2940172027,1.879029684,NaN,39566.41806,33.9995,-65.9987
2071,51,150,9342.410731,897.2724058,5973.010356,510,1099107.145,105561.4595,702707.1007,396400.0441,105561.4595,3.379476508,0.3245747917,2.160646622,1.218829887,0.3245747917,1.564104224,NaN,39566.41806,33.9995,-65.9987
2071,53,5,11120.47537,1898.38448,6752.803881,780,855421.1825,146029.5754,519446.4524,335974.7301,146029.5754,2.630203802,0.4490040137,1.597166474,1.033037328,0.4490040137,1.646793772,NaN,39566.73542,32.9953,-65.9978
2071,53,18,13557.13152,890.3590053,4719.707518,780,1042856.27,68489.15426,363054.4245,679801.846,68489.15426,3.206519295,0.2105868286,1.116300539,2.090218756,0.2105868286,2.872451622,NaN,39566.73542,32.9953,-65.9978
2071,53,35,14799.23236,908.2614054,4442.683084,780,1138402.489,69866.26195,341744.8526,796657.6364,69866.26195,3.500299754,0.2148210865,1.050778995,2.449520759,0.2148210865,3.331147435,NaN,39566.73542,32.9953,-65.9978
2071,53,65,19058.45621,588.9772421,5648.250447,780,1466035.093,45305.9417,434480.8036,1031554.289,45305.9417,4.507687154,0.139304313,1.335918592,3.171768562,0.139304313,3.374222937,NaN,39566.73542,32.9953,-65.9978
2071,53,90,15761.6261,1567.527494,6312.746022,780,1212432.777,120579.038,485595.8478,726836.929,120579.038,3.727924167,0.3707500476,1.493084426,2.234839741,0.3707500476,2.496793954,NaN,39566.73542,32.9953,-65.9978
2071,53,150,7842.24635,1403.413547,5460.774063,780,603249.7192,107954.8882,420059.5433,183190.1759,107954.8882,1.854840326,0.3319339797,1.291576863,0.5632634624,0.3319339797,1.436105259,NaN,39566.73542,32.9953,-65.9978
2071,57,5,15203.5458,1965.887646,3171.557449,660,1382140.527,178717.0587,288323.4044,1093817.123,178717.0587,4.249732581,0.5495097584,0.8865215523,3.363211029,0.5495097584,4.793716036,NaN,39567.42153,32.9277,-65.9017
2071,57,36,20571.43626,1264.571298,4931.898135,660,1870130.569,114961.0271,448354.3759,1421776.193,114961.0271,5.750178547,0.353476085,1.378576318,4.371602229,0.353476085,4.171099178,NaN,39567.42153,32.9277,-65.9017
2071,57,65,15656.69853,6365.852358,4688.713937,660,1423336.23,578713.8507,426246.7216,997089.5082,578713.8507,4.376398948,1.779398735,1.310600872,3.065798076,1.779398735,3.339230914,NaN,39567.42153,32.9277,-65.9017
2071,57,95,22849.10239,2312.953513,6482.772028,660,2077191.126,210268.5012,589342.9116,1487848.215,210268.5012,6.386837396,0.6465224647,1.81208041,4.574756987,0.6465224647,3.524588292,NaN,39567.42153,32.9277,-65.9017
2071,57,120,11790.48653,1488.23992,4953.130481,660,1071862.412,135294.5382,450284.5892,621577.8224,135294.5382,3.295705844,0.4159964892,1.384511236,1.911194608,0.4159964892,2.38041105,NaN,39567.42153,32.9277,-65.9017
2071,57,150,10534.36094,651.1947857,5539.259307,660,957669.1767,59199.52597,503569.0279,454100.1488,59199.52597,2.944590526,0.1820235709,1.548347409,1.396243116,0.1820235709,1.90176346,NaN,39567.42153,32.9277,-65.9017
2071,63,5,26686.66349,1053.998872,9483.052204,740,2163783.526,85459.36801,768896.1247,1394887.401,85459.36801,6.653087126,0.2627659441,2.364161131,4.288925995,0.2627659441,2.814142842,NaN,39567.89653,32.9072,-65.8582
2071,63,18,22289.42392,1290.155748,5793.453498,740,1807250.588,104607.2228,469739.4729,1337511.116,104607.2228,5.556838509,0.3216407552,1.444330083,4.112508427,0.3216407552,3.847346653,NaN,39567.89653,32.9072,-65.8582
2071,63,35,28198.40338,2127.182148,6356.639876,740,2286357.031,172474.2282,515403.2332,1770953.797,172474.2282,7.029969654,0.5303146333,1.584734598,5.445235057,0.5303146333,4.436054886,NaN,39567.89653,32.9072,-65.8582
2071,63,65,29513.03414,1137.000657,5403.050013,740,2392948.714,92189.24249,438085.1362,1954863.578,92189.24249,7.357712125,0.2834586062,1.347001003,6.010711122,0.2834586062,5.462291497,NaN,39567.89653,32.9072,-65.8582
2071,63,90,16626.42785,1777.377685,5540.21433,740,1348088.745,144111.7042,449206.5673,898882.1773,144111.7042,4.145031961,0.443107045,1.381196591,2.76383537,0.443107045,3.001044158,NaN,39567.89653,32.9072,-65.8582
2071,63,150,10539.37402,795.3477355,6608.038385,740,854543.8391,64487.65423,535786.8961,318756.943,64487.65423,2.627506193,0.198283228,1.647409206,0.9800969867,0.198283228,1.594932323,NaN,39567.89653,32.9072,-65.8582
2071,65,6,20816.34278,1367.084723,3682.215566,700,1784257.952,117178.6906,315618.4771,1468639.475,117178.6906,5.486141969,0.3602948393,0.9704469978,4.515694971,0.3602948393,5.653211336,NaN,39568.42222,32.9243,-65.7855
2071,65,18,13271.53217,1780.132204,6902.75013,700,1137559.9,152582.7604,591664.2969,545895.6031,152582.7604,3.497709006,0.4691534003,1.819218082,1.678490924,0.4691534003,1.922644151,NaN,39568.42222,32.9243,-65.7855
2071,65,35,12314.01106,1518.64274,8034.672832,700,1055486.663,130169.3778,688686.2428,366800.4198,130169.3778,3.245354557,0.400237917,2.117536029,1.127818528,0.400237917,1.532608896,NaN,39568.42222,32.9243,-65.7855
2071,65,65,21299.5042,2232.454175,5868.751202,700,1825671.789,191353.215,503035.8174,1322635.972,191353.215,5.613479042,0.5883627432,1.546707922,4.066771121,0.5883627432,3.629307747,NaN,39568.42222,32.9243,-65.7855
2071,65,90,18139.8508,2139.852679,8158.0906,700,1554844.354,183415.9439,699264.9086,855579.4459,183415.9439,4.780753173,0.563957642,2.150062751,2.630690422,0.563957642,2.223541229,NaN,39568.42222,32.9243,-65.7855
2071,65,150,7996.290427,831.9833791,4124.893658,700,685396.3223,71312.86107,353562.3135,331834.0088,71312.86107,2.107420356,0.2192690129,1.087114699,1.020305657,0.2192690129,1.938544625,NaN,39568.42222,32.9243,-65.7855
2071,71,5,18195.51452,1551.904266,5468.334481,720,1516292.877,129325.3555,455694.5401,1060598.337,129325.3555,4.662217129,0.3976427621,1.401145467,3.261071663,0.3976427621,3.327432619,NaN,39568.92153,32.9822,-65.7472
2071,71,18,19732.65162,1179.396359,6187.896455,720,1644387.635,98283.02994,515658.0379,1128729.597,98283.02994,5.056076117,0.3021954615,1.585518058,3.470558059,0.3021954615,3.188911089,NaN,39568.92153,32.9822,-65.7472
2071,71,35,35873.0074,4343.166808,5471.126914,720,2989417.283,361930.5674,455927.2428,2533490.04,361930.5674,9.191702128,1.112844963,1.401860969,7.78984116,1.112844963,6.556785826,NaN,39568.92153,32.9822,-65.7472
2071,71,65,22724.03795,2590.884736,5889.435376,720,1893669.829,215907.0613,490786.2814,1402883.548,215907.0613,5.822555819,0.6638596111,1.509043696,4.313512122,0.6638596111,3.858440834,NaN,39568.92153,32.9822,-65.7472
2071,71,90,27220.70979,1181.333555,5953.408279,720,2268392.483,98444.46289,496117.3566,1772275.126,98444.46289,6.974733212,0.302691827,1.525435404,5.449297808,0.302691827,4.572290109,NaN,39568.92153,32.9822,-65.7472
2071,71,150,11828.24063,1300.602853,6929.634743,720,985686.7189,108383.5711,577469.5619,408217.157,108383.5711,3.030737383,0.3332520712,1.775572862,1.25516452,0.3332520712,1.706906795,NaN,39568.92153,32.9822,-65.7472
2071,73,6,33044.93393,2675.033199,10764.52816,700,2832422.908,229288.5599,922673.8424,1909749.066,229288.5599,8.70898413,0.7050043351,2.836988723,5.871995407,0.7050043351,3.069798642,NaN,39569.42431,33.0628,-65.6907
2071,73,18,31660.14186,933.8018813,10335.98412,700,2713726.445,80040.16125,885941.496,1827784.949,80040.16125,8.344022523,0.2461032539,2.724046047,5.619976476,0.2461032539,3.063098926,NaN,39569.42431,33.0628,-65.6907
2071,73,35,29352.72116,5286.589138,9948.098748,700,2515947.528,453136.2118,852694.1784,1663253.35,453136.2118,7.735902371,1.393279254,2.621818954,5.114083417,1.393279254,2.950586027,NaN,39569.42431,33.0628,-65.6907
2071,73,65,30324.52631,617.7068095,9802.783738,700,2599245.112,52946.29796,840238.6061,1759006.506,52946.29796,7.992021376,0.1627964762,2.583521219,5.408500156,0.1627964762,3.093460706,NaN,39569.42431,33.0628,-65.6907
2071,73,90,24692.29513,2603.443913,9649.34492,700,2116482.44,223152.3354,827086.7074,1289395.732,223152.3354,6.507648248,0.6861369966,2.543082457,3.964565792,0.6861369966,2.558960773,NaN,39569.42431,33.0628,-65.6907
2071,73,150,10320.26202,265.7348089,8079.562286,700,884593.8871,22777.26933,692533.9102,192059.9768,22777.26933,2.719902491,0.07003434287,2.129366634,0.5905358572,0.07003434287,1.277329347,NaN,39569.42431,33.0628,-65.6907
2071,79,5,38477.18728,1788.634156,8325.368315,920,2509381.779,116650.0537,542958.8031,1966422.976,116650.0537,7.715714353,0.3586694145,1.669461006,6.046253346,0.3586694145,4.621679885,NaN,39569.91944,33.1498,-65.6853
2071,79,18,32371.678,6279.755426,9366.235313,920,2111196.391,409549.2669,610841.4334,1500354.958,409549.2669,6.491394986,1.259260422,1.878182927,4.613212059,1.259260422,3.456210198,NaN,39569.91944,33.1498,-65.6853
2071,79,35,38093.0446,3140.985803,9017.108002,920,2484328.996,204846.9002,588072.261,1896256.735,204846.9002,7.63868338,0.6298524126,1.80817348,5.8305099,0.6298524126,4.224530148,NaN,39569.91944,33.1498,-65.6853
2071,79,65,30986.55076,1369.907028,8314.083863,920,2020862.006,89341.76272,542222.8606,1478639.146,89341.76272,6.213639597,0.274703326,1.667198169,4.546441428,0.274703326,3.726995213,NaN,39569.91944,33.1498,-65.6853
2071,79,90,32378.06546,1671.360773,8439.960891,920,2111612.965,109001.7895,550432.232,1561180.733,109001.7895,6.492675845,0.3351529365,1.69243991,4.800235934,0.3351529365,3.836281457,NaN,39569.91944,33.1498,-65.6853
2071,79,150,10239.9312,523.2389579,9575.652948,920,667821.5998,34124.27986,624499.1053,43322.49448,34124.27986,2.053382529,0.1049235306,1.920176814,0.1332057143,0.1049235306,1.069371588,NaN,39569.91944,33.1498,-65.6853
2073,1,5,29209.32809,436.0528105,11383.25287,430,4075720.198,60844.57821,1588360.865,2487359.333,60844.57821,12.53180887,0.1870816905,4.883807968,7.6480009,0.1870816905,2.565991323,17,39614.40347,40.6573,-26.4407
2073,1,10,24389.64913,1016.976007,12226.62244,430,3403206.856,141903.6288,1706040.341,1697166.515,141903.6288,10.46400042,0.4363177716,5.245642593,5.218357825,0.4363177716,1.994798584,17,39614.40347,40.6573,-26.4407
2073,1,40,18041.7481,199.5842547,10697.02043,430,2517453.223,27848.96577,1492607.502,1024845.721,27848.96577,7.740532002,0.08562852678,4.589390592,3.15114141,0.08562852678,1.686614344,17,39614.40347,40.6573,-26.4407
2073,1,90,21932.78544,1542.842952,12288.93285,430,3060388.666,215280.4119,1714734.816,1345653.85,215280.4119,9.409921181,0.6619328225,5.272375907,4.137545275,0.6619328225,1.784759158,17,39614.40347,40.6573,-26.4407
2073,1,110,15161.84663,2613.498813,12659.01316,430,2115606.506,364674.253,1766373.929,349232.5773,364674.253,6.504954975,1.121281102,5.43115312,1.073801855,1.121281102,1.197711578,17,39614.40347,40.6573,-26.4407
2073,1,150,13646.73709,1944.63601,12115.91557,430,1904195.873,271344.5596,1690592.87,213603.003,271344.5596,5.854920741,0.8343158982,5.198145526,0.6567752146,0.8343158982,1.126347985,17,39614.40347,40.6573,-26.4407
2073,3,5,45564.63084,3819.437984,5465.797571,666,4104921.697,344093.5121,492414.1956,3612507.501,344093.5121,12.62159609,1.058000529,1.514049121,11.10754697,1.058000529,8.336318761,17,39614.79514,41.3495,-27.114
2073,3,8,28236.34542,1227.991201,10636.98061,666,2543814.903,110629.8379,958286.5411,1585528.362,110629.8379,7.821587501,0.3401587736,2.946488765,4.875098735,0.3401587736,2.654545163,17,39614.79514,41.3495,-27.114
2073,3,20,47385.61816,6975.751557,13634.73952,666,4268974.609,628446.0862,1228354.912,3040619.697,628446.0862,13.12601731,1.932312782,3.776880705,9.349136603,1.932312782,3.475359254,17,39614.79514,41.3495,-27.114
2073,3,55,48373.77017,6337.333103,11938.61411,666,4357997.313,570930.9102,1075550.821,3282446.492,570930.9102,13.39973961,1.755468162,3.30704677,10.09269284,1.755468162,4.051874842,17,39614.79514,41.3495,-27.114
2073,3,70,22901.97003,162.5665107,8674.17601,666,2063240.544,14645.63159,781457.2982,1281783.245,14645.63159,6.343942882,0.0450316133,2.402783563,3.941159319,0.0450316133,2.640247328,17,39614.79514,41.3495,-27.114
2073,3,150,12808.26726,1140.18233,12808.1231,666,1153897.952,102719.1288,1153884.964,12.98804171,102719.1288,3.547944383,0.3158353437,3.547904448,3.993494361e-05,0.3158353437,1.000011256,17,39614.79514,41.3495,-27.114
2073,6,5,36720.87785,2941.119365,12702.18798,420,5245839.692,420159.9093,1814598.283,3431241.409,420159.9093,16.12963039,1.291885464,5.579430813,10.55019958,1.291885464,2.890909652,15,39615.46042,43.0327,-27.2662
2073,6,10,37495.83052,3990.477622,10966.24689,420,5356547.218,570068.2317,1566606.699,3789940.519,570068.2317,16.47002803,1.752815643,4.816919408,11.65310863,1.752815643,3.41920357,15,39615.46042,43.0327,-27.2662
2073,6,20,49339.2899,3456.356014,13521.61736,420,7048469.985,493765.1448,1931659.622,5116810.363,493765.1448,21.67226266,1.518202948,5.939364826,15.73289784,1.518202948,3.648919252,15,39615.46042,43.0327,-27.2662
2073,6,35,41746.84972,4156.402035,10842.65137,420,5963835.674,593771.7193,1548950.196,4414885.478,593771.7193,18.33728645,1.825697873,4.762630126,13.57465633,1.825697873,3.850243662,15,39615.46042,43.0327,-27.2662
2073,6,60,23101.43163,526.9278735,12820.36989,420,3300204.519,75275.41051,1831481.413,1468723.106,75275.41051,10.14729428,0.2314528503,5.631342167,4.515952113,0.2314528503,1.801931756,15,39615.46042,43.0327,-27.2662
2073,6,150,12675.56563,211.2689859,13247.11629,420,1810795.09,30181.28371,1892445.184,-81650.09439,30181.28371,5.567736954,0.09279981461,5.818790345,-0.2510533911,0.09279981461,0.956854711,15,39615.46042,43.0327,-27.2662
2073,8,5,62997.70532,13912.66778,12276.70194,720,5249808.777,1159388.982,1023058.495,4226750.282,1159388.982,16.14183432,3.564827912,3.145646143,12.99618818,3.564827912,5.131484467,15,39615.75625,43.0432,-27.2515
2073,8,15,59871.00919,5941.276896,13205.04231,720,4989250.766,495106.408,1100420.193,3888830.574,495106.408,15.34068433,1.522326993,3.383513798,11.95717054,1.522326993,4.533950576,15,39615.75625,43.0432,-27.2515
2073,8,25,43976.10627,6175.899891,13225.66989,720,3664675.523,514658.3243,1102139.157,2562536.366,514658.3243,11.26795044,1.582444191,3.38879918,7.879151264,1.582444191,3.325057003,15,39615.75625,43.0432,-27.2515
2073,8,40,61269.61834,6025.689898,9912.746751,720,5105801.529,502140.8249,826062.2292,4279739.299,502140.8249,15.69904845,1.543956046,2.539932445,13.15911601,1.543956046,6.180892127,15,39615.75625,43.0432,-27.2515
2073,8,60,23569.20757,3268.534761,13331.92978,720,1964100.631,272377.8968,1110994.148,853106.483,272377.8968,6.039112724,0.8374931487,3.416026037,2.623086686,0.8374931487,1.767876667,15,39615.75625,43.0432,-27.2515
2073,8,150,14643.58351,375.3419651,11494.95443,720,1220298.625,31278.49709,957912.8695,262385.756,31278.49709,3.752109662,0.09617346828,2.945339819,0.8067698429,0.09617346828,1.273914011,15,39615.75625,43.0432,-27.2515
2073,9,5,47272.54336,1175.778054,13918.38576,538,5272030.858,131127.664,1552236.33,3719794.528,131127.664,16.2101616,0.4031844048,4.772734157,11.43742745,0.4031844048,3.396409913,15,39616.37778,42.9902,-27.249
2073,9,15,49974.56742,4144.592594,13899.76235,538,5573371.831,462222.2224,1550159.369,4023212.462,462222.2224,17.13670889,1.421216439,4.766348029,12.37036086,1.421216439,3.595354092,15,39616.37778,42.9902,-27.249
2073,9,25,35897.96772,2401.791169,10210.40737,538,4003490.824,267857.7511,1138707.142,2864783.682,267857.7511,12.30972181,0.8235948441,3.501236484,8.808485325,0.8235948441,3.515821301,15,39616.37778,42.9902,-27.249
2073,9,32,37560.79957,797.396199,9743.882793,538,4188936.755,88928.94412,1086678.378,3102258.377,88928.94412,12.87992115,0.2734340132,3.341261195,9.538659953,0.2734340132,3.854808229,15,39616.37778,42.9902,-27.249
2073,9,60,18178.27833,216.9431792,7669.464613,538,2027317.286,24194.4066,855330.626,1171986.66,24194.4066,6.23348795,0.07439168157,2.629925364,3.603562586,0.07439168157,2.370214773,15,39616.37778,42.9902,-27.249
2073,9,150,11932.99965,145.9402426,12621.61394,538,1330817.805,16275.86348,1407614.938,-76797.133,16275.86348,4.09192819,0.05004416408,4.328059952,-0.2361317621,0.05004416408,0.945441661,15,39616.37778,42.9902,-27.249
2073,10,5,41080.32576,3112.401208,10620.38903,680,3624734.626,274623.636,937093.1497,2687641.476,274623.636,11.14514229,0.844398229,2.881324446,8.263817839,0.844398229,3.868062238,15,39616.75833,42.9717,-27.2372
2073,10,18,48752.74154,4631.2175,11467.51773,680,4301712.489,408636.8383,1011839.8,3289872.689,408636.8383,13.22667801,1.256454934,3.111151492,10.11552652,1.256454934,4.251377036,15,39616.75833,42.9717,-27.2372
2073,10,28,44090.17492,1216.439768,9910.961333,680,3890309.552,107332.9207,874496.5882,3015812.964,107332.9207,11.96171802,0.330021587,2.68885585,9.27286217,0.330021587,4.448627478,15,39616.75833,42.9717,-27.2372
2073,10,38,45542.35947,1677.224988,5616.943627,680,4018443.482,147990.4401,495612.6729,3522830.809,147990.4401,12.35569745,0.4550331769,1.52388363,10.83181382,0.4550331769,8.108032142,15,39616.75833,42.9717,-27.2372
2073,10,70,19323.24656,398.9631573,12976.61029,680,1704992.343,35202.63152,1144995.026,559997.3173,35202.63152,5.242420266,0.1082391893,3.520570138,1.721850129,0.1082391893,1.489082751,15,39616.75833,42.9717,-27.2372
2073,10,150,13417.8181,1220.346676,10799.95491,680,1183925.127,107677.6479,952937.1981,230987.9287,107677.6479,3.640270352,0.3310815358,2.930040888,0.7102294642,0.3310815358,1.242395752,15,39616.75833,42.9717,-27.2372
2073,11,7,47533.18927,751.9433948,10766.21888,506,5636346.553,89163.2484,1276626.745,4359719.808,89163.2484,17.33034023,0.2741544396,3.925304385,13.40503585,0.2741544396,4.41503092,16,39617.21597,42.9625,-27.2202
2073,11,20,53600.25433,1634.399061,11067.51344,506,6355761.384,193802.2602,1312353.373,5043408.011,193802.2602,19.5423589,0.5958929378,4.03515473,15.50720417,0.5958929378,4.843025906,16,39617.21597,42.9625,-27.2202
2073,11,30,41052.05835,1346.203737,9508.806903,506,4867833.006,159628.9016,1127526.51,3740306.496,159628.9016,14.96735543,0.4908185027,3.46685887,11.50049656,0.4908185027,4.31726701,16,39617.21597,42.9625,-27.2202
2073,11,40,31171.18933,955.260586,10580.66587,506,3696188.458,113272.0062,1254624.412,2441564.047,113272.0062,11.36484475,0.3482827729,3.857652774,7.507191977,0.3482827729,2.946051762,16,39617.21597,42.9625,-27.2202
2073,11,71,19088.1669,394.5137506,9870.418534,506,2263419,46780.28663,1170405.36,1093013.64,46780.28663,6.95944101,0.1438375508,3.598700488,3.360740522,0.1438375508,1.93387614,16,39617.21597,42.9625,-27.2202
2073,11,150,13166.4749,608.7445252,11379.28765,506,1561242.083,72183.14528,1349322.646,211919.4367,72183.14528,4.800424569,0.2219449168,4.148825895,0.6515986738,0.2219449168,1.157056162,16,39617.21597,42.9625,-27.2202
2073,14,5,67077.73933,1735.691305,11571.92313,307,13109655.89,339223.0564,2261613.641,10848042.25,339223.0564,40.30887647,1.04302511,6.953889988,33.35498648,1.04302511,5.796593926,15,39618.37361,45.022,-27.8755
2073,14,11,51293.31836,422.3859755,10756.60707,307,10024752.77,82551.00497,2102268.483,7922484.29,82551.00497,30.82357954,0.2538234633,6.463943927,24.35963561,0.2538234633,4.768540675,15,39618.37361,45.022,-27.8755
2073,14,22,46528.05294,1589.314353,10002.6675,307,9093430.542,310615.183,1954918.73,7138511.813,310615.183,27.95999921,0.9550631338,6.010880698,21.94911851,0.9550631338,4.65156449,15,39618.37361,45.022,-27.8755
2073,14,28,51953.64505,2090.468262,12808.55735,307,10153806.85,408560.5724,2503301.111,7650505.739,408560.5724,31.22038819,1.256220436,7.697017838,23.52337035,1.256220436,4.056166797,15,39618.37361,45.022,-27.8755
2073,14,41,21089.41872,1766.320735,12210.96863,307,4121710.498,345209.2641,2386508.527,1735201.972,345209.2641,12.67321741,1.061431184,7.337910176,5.335307234,1.061431184,1.727088109,15,39618.37361,45.022,-27.8755
2073,14,150,10716.75149,353.5387057,8857.476768,307,2094479.119,69095.51251,1731102.951,363376.1672,69095.51251,6.4399936,0.2124512269,5.322703783,1.117289817,0.2124512269,1.2099102,15,39618.37361,45.022,-27.8755
2073,16,5,44273.12046,1760.161585,10467.9022,313,8486860.153,337411.1665,2006626.62,6480233.533,337411.1665,26.09494866,1.037454006,6.169869385,19.92507928,1.037454006,4.229416708,14,39619.57292,49.003,-29.0305
2073,16,8,49107.49848,409.3601968,8363.840434,313,9413577.984,78471.60321,1603292.096,7810285.888,78471.60321,28.94437163,0.2412803346,4.929717726,24.0146539,0.2412803346,5.871405472,14,39619.57292,49.003,-29.0305
2073,16,13,35255.91137,807.4833192,8780.678166,313,6758321.668,154789.1347,1683197.093,5075124.575,154789.1347,20.78012996,0.4759374433,5.175405383,15.60472458,0.4759374433,4.015169523,14,39619.57292,49.003,-29.0305
2073,16,21,36706.68756,1192.501366,9937.886548,313,7036425.731,228594.5111,1905026.175,5131399.555,228594.5111,21.63522962,0.7028703106,5.857473712,15.77775591,0.7028703106,3.693611049,14,39619.57292,49.003,-29.0305
2073,16,30,27040.49225,320.2095763,6961.171917,313,5183480.942,61382.0274,1334409.952,3849070.99,61382.0274,15.93789301,0.1887342109,4.102973134,11.83491987,0.1887342109,3.884474133,14,39619.57292,49.003,-29.0305
2073,16,150,11198.9241,470.5714629,8575.252672,313,2146758.613,90205.39226,1643818.404,502940.2094,90205.39226,6.600739825,0.2773587684,5.054325873,1.546413951,0.2773587684,1.305958498,14,39619.57292,49.003,-29.0305
2073,18,5,68662.60101,3866.610018,7119.030924,516,7984023.373,449605.816,827794.2935,7156229.08,449605.816,24.54885273,1.38242418,2.545258105,22.00359463,1.38242418,9.644936473,13,39620.21389,50.999,-29.6733
2073,18,15,50117.45502,4326.897487,9607.434051,516,5827611.049,503127.6148,1117143.494,4710467.554,503127.6148,17.91843018,1.546990175,3.434933722,14.48349646,1.546990175,5.216528654,13,39620.21389,50.999,-29.6733
2073,18,25,62975.63764,2314.56832,7397.324834,516,7322748.563,269135.8512,860154.0504,6462594.513,269135.8512,22.51559992,0.8275246786,2.644756174,19.87084375,0.8275246786,8.513298937,13,39620.21389,50.999,-29.6733
2073,18,35,51390.24635,2521.299584,11074.02814,516,5975610.041,293174.3702,1287677.691,4687932.35,293174.3702,18.37348966,0.9014370453,3.959283248,14.41420641,0.9014370453,4.640610057,13,39620.21389,50.999,-29.6733
2073,18,50,19850.17112,3025.643215,9993.917438,516,2308159.433,351818.9785,1162083.423,1146076.01,351818.9785,7.097006526,1.081754384,3.573112637,3.523893889,1.081754384,1.986225246,13,39620.21389,50.999,-29.6733
2073,18,150,10258.11261,720.1069422,10422.35433,516,1192803.792,83733.36537,1211901.666,-19097.87426,83733.36537,3.667570001,0.2574589225,3.726291135,-0.05872113353,0.2574589225,0.9842413994,13,39620.21389,50.999,-29.6733
2073,19,8,89092.87438,12574.1297,9188.562095,577,9264423.679,1307535.151,955483.0601,8308940.619,1307535.151,28.48575986,4.020339916,2.93786877,25.54789109,4.020339916,9.69606272,12,39620.77917,52.7488,-30.5072
2073,19,14,120157.8494,3163.781642,9420.070604,577,12494750.37,328989.4255,979556.7353,11515193.64,328989.4255,38.41819749,1.011559283,3.011889233,35.40630826,1.011559283,12.75551474,12,39620.77917,52.7488,-30.5072
2073,19,23,38282.03447,2194.169476,8556.146275,577,3980800.812,228163.2037,889720.5832,3091080.229,228163.2037,12.23995576,0.7015441495,2.735665785,9.504289975,0.7015441495,4.474214587,12,39620.77917,52.7488,-30.5072
2073,19,36,28282.17373,663.9452069,9936.940204,577,2940953.94,69041.09604,1033304.007,1907649.933,69041.09604,9.042689605,0.21228391,3.177148502,5.865541103,0.21228391,2.846165233,12,39620.77917,52.7488,-30.5072
2073,19,49,17987.4911,250.7833119,8263.302588,577,1870449.681,26077.98737,859268.8999,1011180.781,26077.98737,5.751159735,0.08018321609,2.64203456,3.109125175,0.08018321609,2.176792016,12,39620.77917,52.7488,-30.5072
2073,19,150,10971.40326,270.6529591,9163.156353,577,1140873.823,28144.15519,952841.2152,188032.6078,28144.15519,3.507898481,0.08653615962,2.929745765,0.578152716,0.08653615962,1.197338869,12,39620.77917,52.7488,-30.5072
2073,20,8,128859.9413,12141.16482,9379.711711,773,10002065.3,942393.1295,728050.0681,9274015.236,942393.1295,30.75382131,2.897620544,2.238569837,28.51525147,2.897620544,13.73815585,12,39621.25417,53.5002,-30.7458
2073,20,12,126388.4185,7066.702003,9100.461779,773,9810226.536,548515.0326,706374.7823,9103851.753,548515.0326,30.16396561,1.686545007,2.171923815,27.9920418,1.686545007,13.88813245,12,39621.25417,53.5002,-30.7458
2073,20,16,106866.4362,3058.238115,10799.44294,773,8294936.833,237379.4138,838249.1284,7456687.704,237379.4138,25.50483299,0.7298816648,2.577404078,22.92742891,0.7298816648,9.895550799,12,39621.25417,53.5002,-30.7458
2073,20,24,71920.56735,6317.355511,10138.35324,773,5582450.247,490351.0099,786935.5686,4795514.678,490351.0099,17.16462272,1.507705347,2.419627859,14.74499486,1.507705347,7.093910187,12,39621.25417,53.5002,-30.7458
2073,20,40,13570.9962,1499.012248,8274.224993,773,1053376.16,116352.8265,642242.5609,411133.5992,116352.8265,3.238865296,0.357755516,1.974733453,1.264131843,0.357755516,1.640153151,12,39621.25417,53.5002,-30.7458
2073,20,150,9826.807029,465.1722942,9231.099987,773,762753.4563,36106.51702,716514.8761,46238.58019,36106.51702,2.345273979,0.1110184086,2.203102039,0.1421719404,0.1110184086,1.064532617,12,39621.25417,53.5002,-30.7458
2073,23,8,54742.04178,817.5670822,9850.922399,696,4719141.533,70479.92088,849217.4482,3869924.085,70479.92088,14.51016675,0.2167079325,2.611128888,11.89903786,0.2167079325,5.557047306,12,39621.78403,53.1335,-30.6932
2073,23,20,83825.08568,4776.409493,5976.308319,696,7226300.489,411759.439,515198.993,6711101.496,411759.439,22.21904649,1.266056142,1.584106611,20.63493988,1.266056142,14.02623178,12,39621.78403,53.1335,-30.6932
2073,23,30,46847.09365,1000.120206,5900.517734,696,4038542.556,86217.25916,508665.3218,3529877.234,86217.25916,12.41749702,0.2650962678,1.564017224,10.8534798,0.2650962678,7.939488662,12,39621.78403,53.1335,-30.6932
2073,23,40,37444.15078,4672.46023,5573.708,696,3227944.033,402798.2957,480492.069,2747451.964,402798.2957,9.925111561,1.238502892,1.477391597,8.447719964,1.238502892,6.71799649,12,39621.78403,53.1335,-30.6932
2073,23,56,21382.74806,187.9819437,8228.108508,696,1843340.35,16205.33997,709319.6989,1134020.651,16205.33997,5.667805399,0.04982732212,2.180978689,3.48682671,0.04982732212,2.598744054,12,39621.78403,53.1335,-30.6932
2073,23,150,12648.08362,422.1404144,10442.35957,696,1090352.037,36391.41504,900203.411,190148.6256,36391.41504,3.352556765,0.1118943979,2.767897829,0.5846589355,0.1118943979,1.21122851,12,39621.78403,53.1335,-30.6932
2073,25,8,156566.2609,9831.696563,11765.38251,720,13047188.41,819308.0469,980448.5429,12066739.87,819308.0469,40.11680475,2.519165043,3.014631316,37.10217344,2.519165043,13.30736682,12,39622.36389,53.46,-30.7743
2073,25,15,112370.2849,5679.035919,10424.70357,720,9364190.406,473252.9932,868725.2979,8495465.108,473252.9932,28.79251731,1.45513327,2.671110592,26.12140672,1.45513327,10.77923071,12,39622.36389,53.46,-30.7743
2073,25,25,71902.59308,4539.869723,10649.0193,720,5991882.756,378322.4769,887418.2746,5104464.482,378322.4769,18.42352414,1.163245939,2.728586768,15.69493737,1.163245939,6.752038952,12,39622.36389,53.46,-30.7743
2073,25,32,37123.0986,762.1082219,8639.028435,720,3093591.55,63509.01849,719919.0363,2373672.514,63509.01849,9.512011653,0.1952741706,2.213568971,7.298442683,0.1952741706,4.297138142,12,39622.36389,53.46,-30.7743
2073,25,36,25889.67997,1013.367237,10608.82903,720,2157473.331,84447.26976,884069.086,1273404.245,84447.26976,6.633684872,0.259653998,2.71828886,3.915396012,0.259653998,2.440389971,12,39622.36389,53.46,-30.7743
2073,25,150,12199.08726,692.0378667,7511.45499,720,1016590.605,57669.82222,625954.5825,390636.0226,57669.82222,3.125759017,0.1773201188,1.924652039,1.201106978,0.1773201188,1.624064482,12,39622.36389,53.46,-30.7743
2073,27,6,180243.9737,10581.2187,9400.401948,751,14400317.47,845370.3357,751030.7815,13649286.69,845370.3357,44.27733441,2.59929999,2.309229719,41.96810469,2.59929999,19.17407092,13,39623.35625,53.3335,-30.7523
2073,27,15,188703.5717,10782.10032,10448.50383,751,15076184.16,861419.4664,834767.2831,14241416.88,861419.4664,46.35545355,2.648647008,2.566698285,43.78875527,2.648647008,18.06034384,13,39623.35625,53.3335,-30.7523
2073,27,26,119169.5083,6127.075732,9498.042023,751,9520866.178,489513.3741,758831.5864,8762034.591,489513.3741,29.27425569,1.505129828,2.333215221,26.94104047,1.505129828,12.54674469,13,39623.35625,53.3335,-30.7523
2073,27,35,24830.66747,1181.708606,9637.346878,751,1983808.32,94410.80744,769961.1354,1213847.184,94410.80744,6.099708882,0.2902893566,2.36743577,3.732273112,0.2902893566,2.576504486,13,39623.35625,53.3335,-30.7523
2073,27,50,24201.85267,3229.53661,9010.992558,751,1933570.12,258018.9036,719919.512,1213650.608,258018.9036,5.945239124,0.7933428762,2.213570433,3.731668691,0.7933428762,2.6858143,13,39623.35625,53.3335,-30.7523
2073,27,150,11356.69546,1701.893908,9948.505707,751,907325.869,135970.219,794820.6957,112505.1733,135970.219,2.789797586,0.4180740369,2.443872631,0.3459249557,0.4180740369,1.141547866,13,39623.35625,53.3335,-30.7523
2073,29,5,69199.32743,2397.582716,8552.542736,361,11501273.26,398490.2022,1421475.247,10079798.01,398490.2022,35.36350662,1.225256594,4.370676896,30.99282972,1.225256594,8.091082333,12,39624.21597,54.5193,-31.7027
2073,29,9,68121.80914,968.0308805,10297.00968,361,11322184.35,160891.5591,1711414.351,9610769.994,160891.5591,34.8128535,0.4947008551,5.262166318,29.55068719,0.4947008551,6.615688559,12,39624.21597,54.5193,-31.7027
2073,29,18,58150.79084,1355.992038,9905.745835,361,9664951.386,225372.6379,1646384.349,8018567.037,225372.6379,29.71728127,0.6929638653,5.062215507,24.65506576,0.6929638653,5.870410145,12,39624.21597,54.5193,-31.7027
2073,29,28,44802.96739,3293.765038,8969.657045,361,7446476.574,547440.1725,1490801.725,5955674.849,547440.1725,22.89603227,1.683240084,4.583838283,18.31219398,1.683240084,4.994947651,12,39624.21597,54.5193,-31.7027
2073,29,40,19171.62417,665.3800762,8757.994969,361,3186419.53,110589.4863,1455622.432,1730797.097,110589.4863,9.797434215,0.3400347027,4.475670856,5.321763359,0.3400347027,2.189042611,12,39624.21597,54.5193,-31.7027
2073,29,150,9550.906953,783.0063277,7372.896979,361,1587408.358,130139.5558,1225412.24,361996.1175,130139.5558,4.880879248,0.4001462222,3.767832735,1.113046513,0.4001462222,1.295407623,12,39624.21597,54.5193,-31.7027
2073,33,6,75096.11422,1406.670743,8128.327489,241,18696128.02,350208.4838,2023649.997,16672478.02,350208.4838,57.48586545,1.076802521,6.222211965,51.26365349,1.076802521,9.238815035,13,39625.21111,53.3213,-30.7298
2073,33,14,52509.31068,2183.204518,7181.73514,241,13072857.43,543536.3946,1787983.852,11284873.58,543536.3946,40.1957305,1.671236954,5.497598168,34.69813233,1.671236954,7.311507547,13,39625.21111,53.3213,-30.7298
2073,33,30,20732.68672,465.057759,6464.463251,241,5161664.744,115782.0147,1609409.938,3552254.806,115782.0147,15.87081371,0.3560004142,4.948528543,10.92228517,0.3560004142,3.207178371,13,39625.21111,53.3213,-30.7298
2073,33,52,10933.44298,521.1102754,6824.097171,241,2722019,129736.998,1698945.354,1023073.646,129736.998,8.369520031,0.3989084587,5.223827303,3.145692728,0.3989084587,1.602181609,13,39625.21111,53.3213,-30.7298
2073,33,150,7597.26348,1015.592307,6655.570447,241,1891434.891,252844.5576,1656988.493,234446.3983,252844.5576,5.815683951,0.7774330709,5.094820567,0.7208633839,0.7774330709,1.141489455,13,39625.21111,53.3213,-30.7298
2073,40,6,53874.8132,1221.112665,6425.193366,346,9342453.156,211753.6413,1114195.381,8228257.774,211753.6413,28.72568077,0.6510888948,3.42586902,25.29981175,0.6510888948,8.384932581,12,39626.38403,54.5568,-31.5177
2073,40,11,53691.30599,4079.224685,6788.01526,346,9310631.096,707380.0032,1177112.473,8133518.624,707380.0032,28.62783598,2.175014615,3.619323165,25.00851282,2.175014615,7.909720873,12,39626.38403,54.5568,-31.5177
2073,40,25,53492.1804,5759.830648,6889.275536,346,9276100.647,998814.5632,1194672.058,8081428.589,998814.5632,28.52166358,3.071102184,3.673314449,24.84834913,3.071102184,7.764558134,12,39626.38403,54.5568,-31.5177
2073,40,35,42909.31819,976.3557653,5617.981474,346,7440922.23,169310.2483,974216.4406,6466705.789,169310.2483,22.87895406,0.5205861954,2.995469178,19.88348488,0.5205861954,7.637853273,12,39626.38403,54.5568,-31.5177
2073,40,61,9315.621147,906.1052261,6930.123855,346,1615425.632,157128.0739,1201755.582,413670.0507,157128.0739,4.967025282,0.4831290898,3.695094492,1.271930789,0.4831290898,1.344221451,12,39626.38403,54.5568,-31.5177
2073,40,150,8363.727423,980.2912672,8344.337605,346,1450357.357,169992.7053,1446994.96,3362.396132,169992.7053,4.459482079,0.522684578,4.449143561,0.01033851776,0.522684578,1.00232371,12,39626.38403,54.5568,-31.5177
2073,45,7,53949.22599,1760.03939,7865.426608,308,10509589.48,342864.8161,1532225.963,8977363.516,342864.8161,32.31432979,1.0542226,4.711207338,27.60312245,1.0542226,6.859033677,13,39627.36111,56.1817,-31.8295
2073,45,11,42912.65783,1994.714592,5521.756282,308,8359608.668,388580.7647,1075666.808,7283941.86,388580.7647,25.70368253,1.19478758,3.307403401,22.39627912,1.19478758,7.771559561,13,39627.36111,56.1817,-31.8295
2073,45,25,26474.73633,1207.393974,6869.498647,308,5157416.168,235206.6184,1338214.022,3819202.146,235206.6184,15.85775042,0.7232008683,4.114669687,11.74308073,0.7232008683,3.853954661,13,39627.36111,56.1817,-31.8295
2073,45,38,19087.38023,1768.708904,6033.858812,308,3718320.823,344553.6826,1175427.041,2542893.782,344553.6826,11.43289618,1.059415437,3.614140889,7.818755287,1.059415437,3.163378664,13,39627.36111,56.1817,-31.8295
2073,45,61,13814.29211,1240.445262,6257.881863,308,2691095.865,241645.1809,1219067.895,1472027.97,241645.1809,8.274439212,0.7429978198,3.748325479,4.526113734,0.7429978198,2.207502859,13,39627.36111,56.1817,-31.8295
2073,45,150,10211.65991,179.4536751,8061.479616,308,1989284.398,34958.50814,1570418.107,418866.2912,34958.50814,6.116546439,0.1074885716,4.828638524,1.287907915,0.1074885716,1.266722785,13,39627.36111,56.1817,-31.8295
2073,46,5,109786.841,3517.965876,11081.70373,828,7955568.19,254925.0635,803022.0091,7152546.18,254925.0635,24.46136024,0.7838301002,2.469089595,21.99227064,0.7838301002,9.907036294,13,39627.76042,57.7108,-32.1503
2073,46,9,103934.5694,7212.32575,9745.908569,828,7531490.539,522632.3008,706225.2586,6825265.281,522632.3008,23.15742871,1.606962152,2.171464067,20.98596464,1.606962152,10.664431,13,39627.76042,57.7108,-32.1503
2073,46,17,75913.63244,559.6129451,10805.17768,828,5500987.858,40551.66269,782983.89,4718003.968,40551.66269,16.91414648,0.1246861073,2.407477447,14.50666903,0.1246861073,7.025671828,13,39627.76042,57.7108,-32.1503
2073,46,31,33900.07796,1195.909627,10050.73345,828,2456527.388,86660.11787,728314.0179,1728213.37,86660.11787,7.553200468,0.2664579463,2.239381416,5.313819052,0.2664579463,3.372895932,13,39627.76042,57.7108,-32.1503
2073,46,50,17421.10933,946.3942293,8742.027276,828,1262399.227,68579.29198,633480.2374,628918.9895,68579.29198,3.881558365,0.2108639793,1.947791524,1.93376684,0.2108639793,1.9927997,13,39627.76042,57.7108,-32.1503
2073,46,150,9814.35712,2116.296261,10480.75956,828,711185.2985,153354.8015,759475.3303,-48290.03171,153354.8015,2.186714936,0.4715272315,2.335194571,-0.1484796351,0.4715272315,0.9364165895,13,39627.76042,57.7108,-32.1503
2073,47,7,32829.96581,28401.38301,39.87556422,262,7518312.781,6504133.514,9131.808601,7509180.973,6504133.514,23.11691044,19.99856567,0.02807800203,23.08883243,19.99856567,823.310377,12,39628.36667,60.1582,-32.7713
2073,47,11,50922.24747,2418.634636,9598.853531,262,11661583.39,553885.7945,2198210.732,9463372.659,553885.7945,35.85641974,1.703058741,6.758942078,29.09747766,1.703058741,5.305034326,12,39628.36667,60.1582,-32.7713
2073,47,15,36532.09395,656.3684093,10051.58212,262,8366128.386,150313.3762,2301889.035,6064239.351,150313.3762,25.72372901,0.4621756178,7.077726641,18.64600237,0.4621756178,3.634462069,12,39628.36667,60.1582,-32.7713
2073,47,21,33818.35701,5816.340021,10043.2552,262,7744661.91,1331986.264,2299982.108,5444679.802,1331986.264,23.81287676,4.095520906,7.07186332,16.74101344,4.095520906,3.367270504,12,39628.36667,60.1582,-32.7713
2073,47,50,12337.26342,581.1035583,10856.39268,262,2825327.501,133077.1508,2486196.797,339130.7046,133077.1508,8.687167547,0.4091785836,7.644426396,1.042741151,0.4091785836,1.136405414,12,39628.36667,60.1582,-32.7713
2073,47,150,10800.63354,461.9634078,10092.12481,262,2473427.527,105793.1468,2311173.62,162253.9075,105793.1468,7.605164122,0.3252871716,7.10627439,0.4988897317,0.3252871716,1.070204119,12,39628.36667,60.1582,-32.7713
2073,52,4,60297.59177,1912.832176,9994.477027,505,7164070.309,227267.1892,1187462.617,5976607.692,227267.1892,22.02770442,0.6987891314,3.651147241,18.37655718,0.6987891314,6.033091237,11,39629.22222,61.6178,-34.1007
2073,52,11,54268.59853,1878.304642,9788.983902,505,6447754.281,223164.908,1163047.592,5284706.689,223164.908,19.82521379,0.6861756542,3.576077214,16.24913658,0.6861756542,5.543843883,11,39629.22222,61.6178,-34.1007
2073,52,21,33265.33757,290.4006312,10286.41753,505,3952317.336,34503.04529,1222148.618,2730168.718,34503.04529,12.15237627,0.1060881385,3.75779792,8.394578354,0.1060881385,3.233908936,11,39629.22222,61.6178,-34.1007
2073,52,44,26934.02226,598.8487297,9728.779253,505,3200081.853,71150.34413,1155894.565,2044187.288,71150.34413,9.839442405,0.2187693144,3.554083463,6.285358941,0.2187693144,2.768489403,11,39629.22222,61.6178,-34.1007
2073,52,60,20154.86807,2118.720208,12652.31175,505,2394637.791,251729.1336,1503244.961,891392.8301,251729.1336,7.362905607,0.774003424,4.622098086,2.740807521,0.774003424,1.592979091,11,39629.22222,61.6178,-34.1007
2073,52,150,13110.64766,556.2898826,11698.61112,505,1557700.713,66093.84744,1389933.995,167766.7179,66093.84744,4.789535752,0.2032218659,4.273695522,0.5158402296,0.2032218659,1.120701212,11,39629.22222,61.6178,-34.1007
2073,56,9,72017.16075,4234.387934,13025.96245,663,6517390.113,383202.528,1178820.131,5338569.982,383202.528,20.03932636,1.178250862,3.624573783,16.41475258,1.178250862,5.528740085,11,39630.25139,61.8287,-33.9433
2073,56,20,57341.70998,3282.440798,10502.82321,663,5189295.021,297053.4659,950481.7383,4238813.282,297053.4659,15.95576983,0.9133642833,2.922490971,13.03327886,0.9133642833,5.459647262,11,39630.25139,61.8287,-33.9433
2073,56,31,48231.02581,1977.545094,12290.25789,663,4364798.716,178963.357,1112240.533,3252558.183,178963.357,13.4206522,0.5502670632,3.419858356,10.00079385,0.5502670632,3.924329843,11,39630.25139,61.8287,-33.9433
2073,56,40,30359.42681,535.6943979,10460.35133,663,2747459.44,48479.13103,946638.1291,1800821.311,48479.13103,8.447742952,0.1490610677,2.910672844,5.537070108,0.1490610677,2.902333379,11,39630.25139,61.8287,-33.9433
2073,56,50,21688.65864,2259.376501,11419.12909,663,1962774.537,204468.4616,1033405.347,929369.1899,204468.4616,6.03503532,0.6286888097,3.177460097,2.857575223,0.6286888097,1.899326864,11,39630.25139,61.8287,-33.9433
2073,56,150,14533.02751,1018.375459,12506.00647,663,1315206.109,92160.67502,1131765.292,183440.8175,92160.67502,4.043926173,0.2833707684,3.479892051,0.5640341221,0.2833707684,1.162083799,11,39630.25139,61.8287,-33.9433
2073,57,10,69092.65627,3167.418154,10782.02426,692,5990692.74,274631.6318,934857.595,5055835.145,274631.6318,18.41986514,0.8444228141,2.874450681,15.54541446,0.8444228141,6.408134,12,39630.7625,61.8588,-33.6175
2073,57,20,29797.32647,2220.319145,11862.84075,692,2583583.22,192513.2207,1028570.007,1555013.213,192513.2207,7.943865017,0.5919294674,3.162592648,4.781272369,0.5919294674,2.511820491,12,39630.7625,61.8588,-33.6175
2073,57,30,41825.49779,2431.859793,9817.59951,692,3626488.248,210854.8953,851236.9517,2775251.296,210854.8953,11.15053423,0.6483254784,2.61733835,8.533195879,0.6483254784,4.260257077,12,39630.7625,61.8588,-33.6175
2073,57,40,30557.15513,300.1270411,12495.49453,692,2649464.317,26022.57582,1083424.382,1566039.936,26022.57582,8.146432732,0.08001283958,3.331255978,4.815176754,0.08001283958,2.445453843,12,39630.7625,61.8588,-33.6175
2073,57,60,17581.22989,1642.460255,13250.21124,692,1524384.094,142409.8487,1148862.247,375521.8475,142409.8487,4.687095576,0.4378742696,3.532460863,1.154634712,0.4378742696,1.32686412,12,39630.7625,61.8588,-33.6175
2073,57,150,13961.76493,561.1766381,10099.45744,692,1210557.653,48656.93394,875675.5008,334882.1523,48656.93394,3.722158636,0.1496077666,2.692480708,1.029677927,0.1496077666,1.382427226,12,39630.7625,61.8588,-33.6175
2073,63,11,51417.30356,1779.831561,22191.35673,470,6563911.093,227212.5397,2832939.157,3730971.936,227212.5397,20.18236661,0.6986210979,8.710571464,11.47179515,0.6986210979,2.316996846,11,39631.23958,61.8172,-33.4682
2073,63,17,46356.50173,1851.932406,8898.747362,470,5917851.284,236416.9029,1136010.301,4781840.983,236416.9029,18.19589609,0.726922187,3.492944382,14.7029517,0.726922187,5.209328891,11,39631.23958,61.8172,-33.4682
2073,63,24,44031.57672,2067.028987,11027.13806,470,5621052.347,263876.0408,1407719.752,4213332.595,263876.0408,17.28331441,0.8113520918,4.328382229,12.95493219,0.8113520918,3.993019447,11,39631.23958,61.8172,-33.4682
2073,63,31,36674.40629,1633.862646,13748.20438,470,4681839.101,208578.2101,1755089.921,2926749.18,208578.2101,14.39547121,0.6413252472,5.396457648,8.999013559,0.6413252472,2.667577909,11,39631.23958,61.8172,-33.4682
2073,63,51,19329.16761,563.994386,10353.67179,470,2467553.312,71999.28332,1321745.335,1145807.978,71999.28332,7.587102397,0.2213795877,4.064032638,3.523069759,0.2213795877,1.866890124,11,39631.23958,61.8172,-33.4682
2073,63,150,13189.30891,421.4628117,11803.17322,470,1683741.563,53803.7632,1506788.071,176953.4926,53803.7632,5.177079493,0.165432965,4.632992254,0.5440872387,0.165432965,1.117437546,11,39631.23958,61.8172,-33.4682
2073,68,10,40426.43434,1732.759978,13412.58951,480,5053304.292,216594.9973,1676573.689,3376730.603,216594.9973,15.53763273,0.6659748402,5.155040092,10.38259264,0.6659748402,3.014066322,11,39632.24931,61.5572,-33.593
2073,68,21,36832.86475,1099.501668,12375.20383,480,4604108.094,137437.7084,1546900.479,3057207.615,137437.7084,14.15646802,0.4225861957,4.756327764,9.400140255,0.4225861957,2.976344088,11,39632.24931,61.5572,-33.593
2073,68,30,30246.02749,1046.532678,11527.06636,480,3780753.436,130816.5847,1440883.295,2339870.14,130816.5847,11.62486067,0.4022279148,4.430351737,7.194508934,0.4022279148,2.623913712,11,39632.24931,61.5572,-33.593
2073,68,41,19331.40001,932.9972316,10895.69672,480,2416425.001,116624.654,1361962.09,1054462.91,116624.654,7.429895769,0.3585913168,4.187688991,3.242206778,0.3585913168,1.774223393,11,39632.24931,61.5572,-33.593
2073,68,51,21121.15281,3973.047204,31254.19853,480,2640144.101,496630.9005,3906774.816,-1266630.715,496630.9005,8.117775424,1.527014422,12.01234454,-3.89456912,1.527014422,0.675786096,11,39632.24931,61.5572,-33.593
2073,68,150,12568.21254,2334.107836,11338.00982,480,1571026.568,291763.4794,1417251.227,153775.3407,291763.4794,4.830509386,0.8970989129,4.357689103,0.4728202833,0.8970989129,1.108502528,11,39632.24931,61.5572,-33.593
2073,70,9,58176.65488,3633.693765,13089.79628,632,5523100.146,344970.9271,1242702.179,4280397.968,344970.9271,16.98213617,1.060698358,3.820994923,13.16114125,1.060698358,4.444427829,11,39632.76458,61.694,-33.7773
2073,70,15,68292.9449,572.5476648,12557.5311,632,6483507.428,54355.79096,1192170.674,5291336.753,54355.79096,19.93514567,0.1671303107,3.665623326,16.26952235,0.1671303107,5.438405396,11,39632.76458,61.694,-33.7773
2073,70,22,64800.48862,5276.103625,12738.21672,632,6151945.122,500895.9138,1209324.372,4942620.75,500895.9138,18.91567543,1.540128259,3.718366609,15.19730883,1.540128259,5.087092647,11,39632.76458,61.694,-33.7773
2073,70,32,45325.04751,2981.047546,13167.81401,632,4303010.839,283010.843,1250108.925,3052901.915,283010.843,13.23067011,0.8701867692,3.843768793,9.386901315,0.8701867692,3.442108727,11,39632.76458,61.694,-33.7773
2073,70,41,26787.99344,1290.292693,10679.54688,632,2543163.934,122496.1418,1013881.032,1529282.902,122496.1418,7.819585938,0.3766446569,3.117427766,4.702158171,0.3766446569,2.508345509,11,39632.76458,61.694,-33.7773
2073,70,150,17105.49056,1235.785604,11663.43646,632,1623938.977,117321.4181,1107288.272,516650.7052,117321.4181,4.993201663,0.3607336904,3.404631404,1.588570259,0.3607336904,1.466590967,11,39632.76458,61.694,-33.7773
2073,72,7,63019.49956,881.2346845,12728.78269,508,7443247.979,104082.8368,1503399.53,5939848.449,104082.8368,22.88610515,0.3200284007,4.622573348,18.26353181,0.3200284007,4.95094473,11,39633.2125,61.5413,-34.1067
2073,72,20,46657.00959,1174.013409,10102.13224,508,5510670.424,138663.0011,1193165.225,4317505.198,138663.0011,16.94391792,0.4263536607,3.668681319,13.2752366,0.4263536607,4.618530867,11,39633.2125,61.5413,-34.1067
2073,72,30,42179.2119,88.92139549,9269.579109,508,4981796.681,10502.52703,1094832.178,3886964.503,10502.52703,15.31776491,0.03229261454,3.366332067,11.95143284,0.03229261454,4.550283395,11,39633.2125,61.5413,-34.1067
2073,72,39,36929.50825,3458.666945,12208.5982,508,4361752.942,408503.9698,1441960.417,2919792.525,408503.9698,13.41128722,1.256046397,4.433663613,8.977623606,1.256046397,3.024877029,11,39633.2125,61.5413,-34.1067
2073,72,51,22836.71132,1578.723581,10809.60637,508,2697249.369,186463.4151,1276725.162,1420524.207,186463.4151,8.29335968,0.5733278453,3.925606993,4.367752687,0.5733278453,2.112631166,11,39633.2125,61.5413,-34.1067
2073,72,150,16008.3703,4271.852377,13157.63521,508,1890752.397,504549.4934,1554051.402,336700.9948,504549.4934,5.813585454,1.551362093,4.778315046,1.035270408,1.551362093,1.21666014,11,39633.2125,61.5413,-34.1067
2073,76,5,62291.19344,2090.861978,8211.086997,660,5662835.767,190078.3616,746462.4543,4916373.313,190078.3616,17.41178786,0.5844428916,2.295183268,15.1166046,0.5844428916,7.586229869,12,39633.89306,61.8718,-33.4047
2073,76,15,50340.74345,2802.850692,11535.8302,660,4576431.222,254804.6084,1048711.836,3527719.386,254804.6084,14.07136864,0.7834597312,3.22452368,10.84684496,0.7834597312,4.363859607,12,39633.89306,61.8718,-33.4047
2073,76,20,58713.37956,2742.322195,10330.83712,660,5337579.96,249302.0177,939167.011,4398412.949,249302.0177,16.41170851,0.7665406565,2.887701045,13.52400747,0.7665406565,5.683312869,12,39633.89306,61.8718,-33.4047
2073,76,40,46992.011,2006.437776,11359.26,660,4272001,182403.4342,1032660,3239341,182403.4342,13.13532269,0.5608444307,3.175168342,9.960154353,0.5608444307,4.136890168,12,39633.89306,61.8718,-33.4047
2073,76,60,24129.85231,408.7886696,11521.23082,660,2193622.938,37162.60633,1047384.62,1146238.317,37162.60633,6.74483577,0.1142656161,3.220442826,3.524392944,0.1142656161,2.094381467,12,39633.89306,61.8718,-33.4047
2073,76,150,14372.76817,1362.075016,9764.920194,660,1306615.288,123825.0014,887720.0177,418895.2707,123825.0014,4.017511571,0.3807305643,2.729514552,1.28799702,0.3807305643,1.471877689,12,39633.89306,61.8718,-33.4047
2073,77,7,74187.56579,1345.176279,9558.288738,375,11870010.53,215228.2047,1529326.198,10340684.33,215228.2047,36.49728047,0.6617722987,4.702291296,31.79498917,0.6617722987,7.761594969,12,39634.38403,63.1895,-32.7835
2073,77,14,57018.57181,625.0243747,8742.626619,375,9122971.49,100003.8999,1398820.259,7724151.231,100003.8999,28.05083015,0.3074867016,4.301018538,23.74981161,0.3074867016,6.521904034,12,39634.38403,63.1895,-32.7835
2073,77,20,45682.83229,1409.277336,7991.527297,375,7309253.167,225484.3737,1278644.367,6030608.799,225484.3737,22.47410499,0.6933074247,3.931508063,18.54259693,0.6933074247,5.716408215,12,39634.38403,63.1895,-32.7835
2073,77,27,32861.44341,924.7175022,10235.16995,375,5257830.945,147954.8004,1637627.191,3620203.754,147954.8004,16.16650046,0.4549235936,5.035289461,11.131211,0.4549235936,3.210639743,12,39634.38403,63.1895,-32.7835
2073,77,32,28100.01076,334.8576835,7780.40168,375,4496001.722,53577.22936,1244864.269,3251137.453,53577.22936,13.82406827,0.1647364307,3.827642803,9.996425462,0.1647364307,3.611640108,12,39634.38403,63.1895,-32.7835
2073,77,150,10995.70381,534.5484258,8073.727995,375,1759312.61,85527.74812,1291796.479,467516.1303,85527.74812,5.409441348,0.2629761957,3.971947481,1.437493867,0.2629761957,1.3619116,12,39634.38403,63.1895,-32.7835
2073,79,7,18881.42449,5660.574869,7375.8005,709,1597863.85,479033.1342,624186.22,973677.6296,479033.1342,4.913027241,1.472905741,1.919214771,2.99381247,1.472905741,2.559915292,12,39634.79653,63.3478,-32.824
2073,79,10,77213.00984,3175.943677,8925.256756,709,6534246.249,268768.1532,755310.8679,5778935.381,268768.1532,20.09115472,0.8263941003,2.322389902,17.76876481,0.8263941003,8.651068753,12,39634.79653,63.3478,-32.824
2073,79,20,45378.25427,3903.850352,8472.04149,709,3840190.77,330368.1539,716956.9667,3123233.803,330368.1539,11.80761544,1.015798524,2.204461356,9.603154086,1.015798524,5.356236076,12,39634.79653,63.3478,-32.824
2073,79,28,16617.02802,1099.776589,6577.825867,709,1406236.504,93069.95113,556656.6319,849579.8717,93069.95113,4.323821614,0.2861665625,1.711578366,2.612243248,0.2861665625,2.526218899,12,39634.79653,63.3478,-32.824
2073,79,41,17456.29078,576.0804646,7528.327988,709,1477260.15,48751.52028,637094.0469,840166.1033,48751.52028,4.542201366,0.1498985957,1.958903074,2.583298291,0.1498985957,2.318747377,12,39634.79653,63.3478,-32.824
2073,79,150,9060.278688,508.2341289,6508.236906,709,766737.2656,43009.94038,550767.5802,215969.6854,43009.94038,2.357523185,0.1322446896,1.693471021,0.6640521644,0.1322446896,1.392124906,12,39634.79653,63.3478,-32.824
2073,81,5,55873.46098,2337.277087,4609.202039,533,6289695.42,263108.1149,518859.5166,5770835.903,263108.1149,19.33922276,0.8089909137,1.595361795,17.74386097,0.8089909137,12.12215488,11,39635.29444,61.6945,-33.777
2073,81,12,42707.9179,2700.420885,5513.337038,533,4807645.542,303987.3417,620638.3157,4187007.226,303987.3417,14.7822942,0.934684198,1.908305863,12.87398834,0.934684198,7.746291875,11,39635.29444,61.6945,-33.777
2073,81,20,45527.93299,2746.505493,7940.209997,533,5125095.647,309175.1024,893832.2698,4231263.377,309175.1024,15.75837299,0.9506352501,2.748308181,13.01006481,0.9506352501,5.73384495,11,39635.29444,61.6945,-33.777
2073,81,35,35352.94817,2709.196889,7347.366784,533,3979693.978,304975.2595,827095.698,3152598.28,304975.2595,12.23655253,0.9377217954,2.543110101,9.693442425,0.9377217954,4.811648745,11,39635.29444,61.6945,-33.777
2073,81,56,14333.12229,671.0430915,7792.616479,533,1613484.685,75539.56002,877217.6149,736267.0703,75539.56002,4.96105736,0.2322650432,2.697222319,2.263835041,0.2322650432,1.839320891,11,39635.29444,61.6945,-33.777
2073,81,150,9161.161633,583.2179814,8818.819513,533,1031275.231,65653.05606,992737.6563,38537.57445,65653.05606,3.170910527,0.2018665439,3.052417232,0.1184932954,0.2018665439,1.038819495,11,39635.29444,61.6945,-33.777
2073,86,5,49844.27083,2845.691055,11329.06194,525,5696488.095,325221.8349,1294749.936,4401738.16,325221.8349,17.51526026,0.9999748943,3.981028612,13.53423165,0.9999748943,4.399682084,10,39636.20903,61.6673,-33.8667
2073,86,10,47804.47494,1671.740575,6797.20067,525,5463368.565,191056.0657,776822.9337,4686545.631,191056.0657,16.79847666,0.5874490844,2.388534064,14.4099426,0.5874490844,7.032965079,10,39636.20903,61.6673,-33.8667
2073,86,17,39055.02593,731.5915982,7137.92494,525,4463431.535,83610.46836,815762.8503,3647668.685,83610.46836,13.72392318,0.2570810453,2.50826446,11.21565872,0.2570810453,5.471481734,10,39636.20903,61.6673,-33.8667
2073,86,30,22014.4787,1605.593547,6245.590656,525,2515940.423,183496.4053,713781.7893,1802158.633,183496.4053,7.735880523,0.5642050406,2.194698488,5.541182035,0.5642050406,3.524803323,10,39636.20903,61.6673,-33.8667
2073,86,51,12110.19985,732.3935292,6511.015174,525,1384022.84,83702.11763,744116.0198,639906.8198,83702.11763,4.255520215,0.2573628436,2.287968576,1.96755164,0.2573628436,1.859955709,10,39636.20903,61.6673,-33.8667
2073,86,150,8111.219578,894.153424,7536.774619,525,926996.5232,102188.9627,861345.6708,65650.8525,102188.9627,2.850279873,0.3142052171,2.648420105,0.2018597685,0.3142052171,1.076218938,10,39636.20903,61.6673,-33.8667
2073,89,7,36826.7751,3260.056656,5050.450676,710,3112121.84,275497.7456,426798.6487,2685323.191,275497.7456,9.568987608,0.8470858948,1.312297908,8.256689699,0.8470858948,7.291779974,11,39636.87917,62.2432,-34.6852
2073,89,16,29694.3854,941.8333935,6557.363781,710,2509384.681,79591.55438,554143.4181,1955241.263,79591.55438,7.715723277,0.2447239012,1.703850869,6.011872408,0.2447239012,4.528402936,11,39636.87917,62.2432,-34.6852
2073,89,25,30863.29559,1393.458189,6209.298856,710,2608165.825,117757.0301,524729.4808,2083436.344,117757.0301,8.019450311,0.362073087,1.613410451,6.406039861,0.362073087,4.970496075,11,39636.87917,62.2432,-34.6852
2073,89,30,25298.74742,1062.007228,6286.349965,710,2137922.317,89747.08969,531240.8421,1606681.475,89747.08969,6.57357045,0.275949604,1.63343124,4.94013921,0.275949604,4.024393736,11,39636.87917,62.2432,-34.6852
2073,89,41,17972.10208,355.897234,6324.336122,710,1518769.19,30075.82259,534450.9399,984318.2497,30075.82259,4.669831164,0.09247554836,1.643301479,3.026529686,0.09247554836,2.841737335,11,39636.87917,62.2432,-34.6852
2073,89,150,8012.98626,281.7865851,6692.238062,710,677153.7684,23812.95085,565541.2447,111612.5237,23812.95085,2.082076587,0.07321880163,1.738896303,0.3431802839,0.07321880163,1.197355232,11,39636.87917,62.2432,-34.6852
2073,92,7,39670.80571,2509.167842,8522.141205,342,6959790.475,440204.8846,1495112.492,5464677.983,440204.8846,21.39959559,1.353518693,4.597092803,16.80250279,1.353518693,4.655027974,11,39637.37847,61.7738,-33.9063
2073,92,14,27319.39188,251.1185948,4840.631689,342,4792875.769,44055.89382,849233.6296,3943642.139,44055.89382,14.73688088,0.1354607319,2.611178642,12.12570224,0.1354607319,5.643765863,11,39637.37847,61.7738,-33.9063
2073,92,24,25021.08463,1490.372747,4517.5245,342,4389663.971,261468.9031,792548.1579,3597115.813,261468.9031,13.49710657,0.803950752,2.436885152,11.06022142,0.803950752,5.538671596,11,39637.37847,61.7738,-33.9063
2073,92,34,20942.82066,1733.934741,5497.530078,342,3674179.063,304199.0773,964478.9611,2709700.102,304199.0773,11.29717143,0.9353352315,2.965528891,8.331642535,0.9353352315,3.80949633,11,39637.37847,61.7738,-33.9063
2073,92,50,9548.002187,1605.093111,5614.995214,342,1675088.103,281595.2827,985086.8797,690001.2232,281595.2827,5.15047229,0.8658342793,3.028893029,2.121579262,0.8658342793,1.700447075,11,39637.37847,61.7738,-33.9063
2073,92,150,6255.984336,222.4552765,4886.080542,342,1097541.112,39027.24148,857207.1126,240333.999,39027.24148,3.374661352,0.1199988977,2.635695085,0.7389662669,0.1199988977,1.280368648,11,39637.37847,61.7738,-33.9063
2073,93,9,26791.88733,22895.15192,9492.942569,397,4049151.738,3460224.471,1434701.648,2614450.09,3460224.471,12.45011757,10.63931516,4.411344734,8.038772839,10.63931516,2.822295315,11,39637.62292,61.795,-33.9035
2073,93,18,30365.16192,2261.535,9365.902552,397,4589193.238,341793.7028,1415501.645,3173691.592,341793.7028,14.11060861,1.050929197,4.352309582,9.758299026,1.050929197,3.242096717,11,39637.62292,61.795,-33.9035
2073,93,25,25084.81912,904.3644221,9844.776466,397,3791156.543,136679.7615,1487875.536,2303281.006,136679.7615,11.65684759,0.4202557006,4.574840994,7.082006599,0.4202557006,2.548033387,11,39637.62292,61.795,-33.9035
2073,93,35,16742.86384,2979.434696,9378.807983,397,2530407.634,450292.3973,1417452.088,1112955.546,450292.3973,7.780363538,1.384535244,4.3583067,3.422056838,1.384535244,1.785180363,11,39637.62292,61.795,-33.9035
2073,93,50,14484.62,461.4773673,9362.612261,397,2189111.335,69744.69028,1415004.372,774106.9628,69744.69028,6.730963733,0.2144472843,4.350780592,2.380183141,0.2144472843,1.547070368,11,39637.62292,61.795,-33.9035
2073,93,150,11612.40681,1178.791128,10149.44735,397,1755023.699,178154.8305,1533921.514,221102.185,178154.8305,5.396254033,0.5477810488,4.71642073,0.6798333026,0.5477810488,1.144141785,11,39637.62292,61.795,-33.9035
2073,95,8,40582.63123,2003.780772,7065.02688,472,5158809.055,254717.8947,898096.6373,4260712.417,254717.8947,15.86203319,0.7831931086,2.761420033,13.10061316,0.7831931086,5.744158079,11,39637.87778,62.4075,-34.913
2073,95,14,32029.3431,3910.817343,4865.387366,472,4071526.666,497137.7978,618481.4449,3453045.221,497137.7978,12.51891482,1.528573003,1.90167403,10.61724079,1.528573003,6.58310237,11,39637.87778,62.4075,-34.913
2073,95,18,29955.74627,1622.875342,5869.224926,472,3807933.848,206297.7129,746087.9144,3061845.934,206297.7129,11.70843357,0.634313295,2.294031653,9.414401912,0.634313295,5.103867487,11,39637.87778,62.4075,-34.913
2073,95,30,27753.83235,2192.576786,7085.526066,472,3528029.536,278717.3881,900702.4661,2627327.07,278717.3881,10.84779859,0.8569854813,2.769432297,8.078366295,0.8569854813,3.916975549,11,39637.87778,62.4075,-34.913
2073,95,51,14388.88259,360.1181129,6834.830984,472,1829095.244,45777.72622,868834.4471,960260.7971,45777.72622,5.624005301,0.140754931,2.671446198,2.952559103,0.140754931,2.105228735,11,39637.87778,62.4075,-34.913
2073,95,150,8299.766996,428.3317369,6590.979269,472,1055055.127,54448.94961,837836.3477,217218.7788,54448.94961,3.244027693,0.16741675,2.576134882,0.6678928107,0.16741675,1.259261584,11,39637.87778,62.4075,-34.913
2073,97,8,71522.33177,725.6394404,6466.6873,827,5189044.627,52646.15045,469167.156,4719877.471,52646.15045,15.95499993,0.1618735985,1.442570353,14.51242958,0.1618735985,11.06011911,11,39638.21389,61.7623,-33.9057
2073,97,14,59800.40704,4930.572185,6813.777615,827,4338602.687,357719.8684,494349.041,3844253.646,357719.8684,13.34010604,1.099898129,1.519998281,11.82010776,1.099898129,8.776395477,11,39638.21389,61.7623,-33.9057
2073,97,21,59958.36187,2461.256262,9826.757122,827,4350062.53,178567.5644,712944.894,3637117.636,178567.5644,13.37534216,0.5490501011,2.192125247,11.18321691,0.5490501011,6.10154104,11,39638.21389,61.7623,-33.9057
2073,97,33,38214.57569,1531.336295,7519.20364,827,2772520.606,111100.5776,545528.6801,2226991.926,111100.5776,8.524799699,0.3416061791,1.677362728,6.847436971,0.3416061791,5.082263697,11,39638.21389,61.7623,-33.9057
2073,97,56,19729.64236,698.2022761,9367.165698,827,1431412.989,50655.54603,679600.897,751812.0919,50655.54603,4.40123294,0.1557529933,2.089600889,2.311632051,0.1557529933,2.106255297,11,39638.21389,61.7623,-33.9057
2073,97,150,12653.9235,882.3805062,8036.617455,827,918059.7462,64017.93273,583067.7718,334991.9744,64017.93273,2.822801544,0.1968389532,1.792785942,1.030015603,0.1968389532,1.574533512,11,39638.21389,61.7623,-33.9057
